-- MySQL dump 10.13  Distrib 8.0.22, for Win64 (x86_64)
--
-- Host: localhost    Database: vk
-- ------------------------------------------------------
-- Server version	8.0.22

/*!40101 SET @OLD_CHARACTER_SET_CLIENT=@@CHARACTER_SET_CLIENT */;
/*!40101 SET @OLD_CHARACTER_SET_RESULTS=@@CHARACTER_SET_RESULTS */;
/*!40101 SET @OLD_COLLATION_CONNECTION=@@COLLATION_CONNECTION */;
/*!50503 SET NAMES utf8mb4 */;
/*!40103 SET @OLD_TIME_ZONE=@@TIME_ZONE */;
/*!40103 SET TIME_ZONE='+00:00' */;
/*!40014 SET @OLD_UNIQUE_CHECKS=@@UNIQUE_CHECKS, UNIQUE_CHECKS=0 */;
/*!40014 SET @OLD_FOREIGN_KEY_CHECKS=@@FOREIGN_KEY_CHECKS, FOREIGN_KEY_CHECKS=0 */;
/*!40101 SET @OLD_SQL_MODE=@@SQL_MODE, SQL_MODE='NO_AUTO_VALUE_ON_ZERO' */;
/*!40111 SET @OLD_SQL_NOTES=@@SQL_NOTES, SQL_NOTES=0 */;

--
-- Table structure for table `communities`
--

DROP TABLE IF EXISTS `communities`;
/*!40101 SET @saved_cs_client     = @@character_set_client */;
/*!50503 SET character_set_client = utf8mb4 */;
CREATE TABLE `communities` (
  `id` int unsigned NOT NULL AUTO_INCREMENT COMMENT 'Идентификатор сроки',
  `name` varchar(150) CHARACTER SET utf8 COLLATE utf8_unicode_ci NOT NULL COMMENT 'Название группы',
  `created_at` datetime DEFAULT CURRENT_TIMESTAMP COMMENT 'Время создания строки',
  `updated_at` datetime DEFAULT CURRENT_TIMESTAMP ON UPDATE CURRENT_TIMESTAMP COMMENT 'Время обновления строки',
  PRIMARY KEY (`id`),
  UNIQUE KEY `name` (`name`)
) ENGINE=InnoDB AUTO_INCREMENT=26 DEFAULT CHARSET=utf8 COLLATE=utf8_unicode_ci COMMENT='Группы';
/*!40101 SET character_set_client = @saved_cs_client */;

--
-- Dumping data for table `communities`
--

LOCK TABLES `communities` WRITE;
/*!40000 ALTER TABLE `communities` DISABLE KEYS */;
INSERT INTO `communities` VALUES (1,'assumenda','2015-10-15 16:43:35','2018-05-20 06:41:23'),(2,'commodi','1991-09-12 15:09:12','2020-12-20 16:11:09'),(3,'aliquam','1976-09-01 02:43:35','2000-06-19 05:36:15'),(4,'tempora','1977-03-02 22:42:24','1987-12-11 00:03:41'),(5,'occaecati','1970-04-25 21:43:40','1985-08-31 23:58:48'),(6,'similique','2012-01-15 10:43:25','2020-12-20 16:11:09'),(7,'recusandae','2019-11-25 07:29:14','2020-12-20 16:11:09'),(8,'voluptas','2009-12-26 05:18:55','2020-12-20 16:11:09'),(9,'quia','2003-07-13 07:23:03','2020-12-20 16:11:09'),(10,'repudiandae','2013-07-25 06:23:13','2016-02-02 07:56:43'),(11,'sit','2020-04-02 11:24:53','2020-12-20 16:11:09'),(12,'eum','1978-10-13 05:16:54','2020-12-20 16:11:09'),(13,'qui','2012-04-14 01:49:58','2020-12-20 16:11:09'),(14,'a','1979-08-12 09:19:28','1991-04-08 02:56:39'),(15,'veritatis','1994-09-13 21:33:51','2020-12-20 16:11:09'),(16,'at','1998-12-05 02:14:45','2020-12-20 16:11:09'),(17,'consequatur','1975-09-19 21:42:00','2019-06-15 14:02:02'),(18,'enim','1987-02-12 11:23:55','2020-12-20 16:11:09'),(19,'tenetur','2012-08-24 22:47:55','2020-12-20 16:11:09'),(20,'rerum','2003-02-17 03:42:32','2020-12-20 16:11:09'),(21,'sapiente','1990-08-13 07:22:26','2018-06-01 11:55:21'),(22,'voluptatem','1973-10-23 23:08:06','2020-09-06 13:48:12'),(23,'quis','2000-01-26 00:20:29','2020-12-20 16:11:09'),(24,'magni','1979-10-11 12:29:49','1982-02-24 19:41:15'),(25,'earum','2007-03-17 15:44:34','2020-12-20 16:11:09');
/*!40000 ALTER TABLE `communities` ENABLE KEYS */;
UNLOCK TABLES;

--
-- Table structure for table `communities_users`
--

DROP TABLE IF EXISTS `communities_users`;
/*!40101 SET @saved_cs_client     = @@character_set_client */;
/*!50503 SET character_set_client = utf8mb4 */;
CREATE TABLE `communities_users` (
  `community_id` int unsigned NOT NULL COMMENT 'Ссылка на группу',
  `user_id` int unsigned NOT NULL COMMENT 'Ссылка на пользователя',
  `created_at` datetime DEFAULT CURRENT_TIMESTAMP COMMENT 'Время создания строки',
  PRIMARY KEY (`community_id`,`user_id`) COMMENT 'Составной первичный ключ',
  KEY `communities_users_user_id_fk` (`user_id`),
  CONSTRAINT `communities_users_community_id_fk` FOREIGN KEY (`community_id`) REFERENCES `communities` (`id`) ON DELETE CASCADE,
  CONSTRAINT `communities_users_user_id_fk` FOREIGN KEY (`user_id`) REFERENCES `users` (`id`) ON DELETE CASCADE
) ENGINE=InnoDB DEFAULT CHARSET=utf8 COLLATE=utf8_unicode_ci COMMENT='Участники групп, связь между пользователями и группами';
/*!40101 SET character_set_client = @saved_cs_client */;

--
-- Dumping data for table `communities_users`
--

LOCK TABLES `communities_users` WRITE;
/*!40000 ALTER TABLE `communities_users` DISABLE KEYS */;
INSERT INTO `communities_users` VALUES (1,1,'2016-09-19 23:46:31'),(1,26,'2016-03-13 17:28:11'),(1,51,'2020-12-20 16:22:30'),(1,76,'2016-09-30 12:29:55'),(2,2,'2020-02-08 18:58:23'),(2,27,'2020-12-20 16:22:30'),(2,52,'2016-08-24 14:48:24'),(2,77,'2018-04-15 01:04:25'),(3,3,'2020-12-20 16:22:30'),(3,28,'2020-12-20 16:22:30'),(3,53,'2011-12-15 18:30:52'),(3,78,'2020-12-20 16:22:30'),(4,4,'2020-12-20 16:22:30'),(4,29,'2020-12-20 16:22:30'),(4,54,'1995-10-23 00:46:52'),(4,79,'2020-12-20 16:22:30'),(5,5,'2016-04-12 09:41:30'),(5,30,'2020-12-20 16:22:30'),(5,55,'2016-07-04 00:14:46'),(5,80,'2020-12-18 15:48:27'),(6,6,'2016-02-28 19:31:29'),(6,31,'2014-05-16 00:31:36'),(6,56,'2020-12-20 16:22:30'),(6,81,'2016-02-09 03:01:18'),(7,7,'2020-12-20 16:22:30'),(7,32,'2020-12-20 16:22:30'),(7,57,'2020-12-20 16:22:30'),(7,82,'2020-12-20 16:22:30'),(8,8,'2020-12-20 16:22:30'),(8,33,'2010-04-28 17:18:14'),(8,58,'2013-03-13 16:32:58'),(8,83,'2011-04-02 15:14:59'),(9,9,'2008-03-14 14:12:32'),(9,34,'2004-06-15 02:38:47'),(9,59,'2020-12-20 16:22:30'),(9,84,'2020-12-20 16:22:30'),(10,10,'2013-08-01 23:20:24'),(10,35,'2014-02-28 18:31:11'),(10,60,'2020-12-20 16:22:30'),(10,85,'2020-12-20 16:22:30'),(11,11,'2020-12-20 16:22:30'),(11,36,'2020-12-20 16:22:30'),(11,61,'2020-12-20 16:22:30'),(11,86,'2020-12-20 16:22:30'),(12,12,'2020-12-20 16:22:30'),(12,37,'2020-12-20 16:22:30'),(12,62,'2020-12-20 16:22:30'),(12,87,'2020-12-20 16:22:30'),(13,13,'2013-01-12 03:16:23'),(13,38,'2017-07-05 17:44:53'),(13,63,'2020-12-20 16:22:30'),(13,88,'2020-12-20 16:22:30'),(14,14,'2013-04-16 13:18:35'),(14,39,'2020-12-20 16:22:30'),(14,64,'2009-09-10 21:23:13'),(14,89,'2020-12-20 16:22:30'),(15,15,'1997-06-24 12:29:05'),(15,40,'2017-02-10 23:55:12'),(15,65,'2020-12-20 16:22:30'),(15,90,'2020-12-20 16:22:30'),(16,16,'1999-05-21 19:33:02'),(16,41,'2018-03-17 21:51:42'),(16,66,'2008-11-11 18:18:37'),(16,91,'2020-12-20 16:22:30'),(17,17,'2020-12-20 16:22:30'),(17,42,'1991-10-09 21:32:26'),(17,67,'2020-12-20 16:22:30'),(17,92,'2020-12-20 16:22:30'),(18,18,'2001-07-08 17:36:37'),(18,43,'2008-08-26 02:15:34'),(18,68,'2016-05-12 07:56:28'),(18,93,'2002-04-27 23:48:27'),(19,19,'2020-12-20 16:22:30'),(19,44,'2019-07-17 15:53:45'),(19,69,'2020-12-20 16:22:30'),(19,94,'2020-12-20 16:22:30'),(20,20,'2018-10-16 19:40:11'),(20,45,'2018-10-07 01:09:31'),(20,70,'2020-12-20 16:22:30'),(20,95,'2012-06-18 00:20:21'),(21,21,'2020-12-20 16:22:30'),(21,46,'2020-12-20 16:22:30'),(21,71,'2018-05-17 20:40:39'),(21,96,'2015-05-09 13:40:23'),(22,22,'2020-12-20 16:22:30'),(22,47,'1994-06-15 09:25:31'),(22,72,'2004-07-26 09:13:01'),(22,97,'2020-12-20 16:22:30'),(23,23,'2020-12-20 16:22:30'),(23,48,'2020-12-20 16:22:30'),(23,73,'2020-12-20 16:22:30'),(23,98,'2020-12-20 16:22:30'),(24,24,'2010-07-28 05:17:18'),(24,49,'2000-06-20 23:17:17'),(24,74,'1997-10-17 10:47:26'),(24,99,'1996-12-23 01:00:12'),(25,25,'2008-06-03 15:58:16'),(25,50,'2020-12-20 16:22:30'),(25,75,'2011-02-27 05:48:52'),(25,100,'2020-12-20 16:22:30');
/*!40000 ALTER TABLE `communities_users` ENABLE KEYS */;
UNLOCK TABLES;

--
-- Table structure for table `friendship`
--

DROP TABLE IF EXISTS `friendship`;
/*!40101 SET @saved_cs_client     = @@character_set_client */;
/*!50503 SET character_set_client = utf8mb4 */;
CREATE TABLE `friendship` (
  `user_id` int unsigned NOT NULL COMMENT 'Ссылка на инициатора дружеских отношений',
  `friend_id` int unsigned NOT NULL COMMENT 'Ссылка на получателя приглашения дружить',
  `friendship_status_id` int unsigned NOT NULL COMMENT 'Ссылка на статус (текущее состояние) отношений',
  `confirmed_at` datetime DEFAULT NULL COMMENT 'Время подтверждения приглашения',
  `created_at` datetime DEFAULT CURRENT_TIMESTAMP COMMENT 'Время создания строки',
  `updated_at` datetime DEFAULT CURRENT_TIMESTAMP ON UPDATE CURRENT_TIMESTAMP COMMENT 'Время обновления строки',
  PRIMARY KEY (`user_id`,`friend_id`) COMMENT 'Составной первичный ключ',
  KEY `friendship_friend_id_fk` (`friend_id`),
  KEY `friendship_friendship_status_id_fk` (`friendship_status_id`),
  CONSTRAINT `friendship_friend_id_fk` FOREIGN KEY (`friend_id`) REFERENCES `users` (`id`) ON DELETE CASCADE,
  CONSTRAINT `friendship_friendship_status_id_fk` FOREIGN KEY (`friendship_status_id`) REFERENCES `friendship_statuses` (`id`),
  CONSTRAINT `friendship_user_id_fk` FOREIGN KEY (`user_id`) REFERENCES `users` (`id`) ON DELETE CASCADE
) ENGINE=InnoDB DEFAULT CHARSET=utf8 COLLATE=utf8_unicode_ci COMMENT='Таблица дружбы';
/*!40101 SET character_set_client = @saved_cs_client */;

--
-- Dumping data for table `friendship`
--

LOCK TABLES `friendship` WRITE;
/*!40000 ALTER TABLE `friendship` DISABLE KEYS */;
INSERT INTO `friendship` VALUES (1,7,3,'2006-01-06 11:26:46','2006-01-06 11:26:46','2020-12-20 01:21:42'),(2,39,3,'2020-12-20 16:29:57','2020-12-20 16:27:57','2020-12-20 16:29:57'),(3,76,3,'2020-12-20 16:29:57','2020-12-20 16:27:57','2020-12-20 16:29:57'),(4,61,2,'2020-12-20 16:29:57','2020-12-20 16:27:57','2020-12-20 16:29:57'),(5,78,4,'2020-12-20 16:29:57','2020-12-20 16:27:57','2020-12-20 16:29:57'),(6,7,4,'2007-12-09 22:48:38','2007-12-09 22:48:38','2020-12-20 01:22:13'),(7,96,2,'2019-06-23 03:54:25','2018-05-23 01:52:18','2020-12-20 16:29:36'),(8,62,1,'2020-12-20 16:29:57','2020-12-20 16:27:57','2020-12-20 16:29:57'),(9,23,1,'2020-12-20 16:29:57','2020-12-20 16:27:57','2020-12-20 16:29:57'),(10,26,2,'2017-04-18 23:25:22','2013-07-23 11:06:01','2020-12-20 16:27:19'),(11,63,1,'2020-12-20 16:29:57','2020-12-20 16:27:57','2020-12-20 16:29:57'),(12,36,2,'2020-12-20 16:29:57','2020-12-20 16:27:57','2020-12-20 16:29:57'),(13,91,2,'2020-12-20 16:29:57','2020-12-20 16:27:57','2020-12-20 16:29:57'),(14,44,3,'2014-09-18 00:04:53','2014-08-18 21:40:10','2020-12-20 16:29:35'),(15,49,2,'1991-07-26 15:43:39','1991-07-26 15:43:39','2020-12-20 01:21:42'),(16,12,2,'2020-12-20 16:29:57','2020-12-20 16:27:57','2020-12-20 16:29:57'),(17,12,4,'2020-12-20 16:29:57','2020-12-20 16:27:57','2020-12-20 16:29:57'),(18,25,4,'2005-07-23 19:55:49','2002-08-07 19:20:54','2020-12-20 16:27:15'),(19,88,1,'2020-12-20 16:29:57','2020-12-20 16:27:57','2020-12-20 16:29:57'),(20,65,2,'2020-12-20 16:29:57','2020-12-20 16:27:57','2020-12-20 16:29:57'),(21,62,4,'2020-12-20 16:29:57','2020-12-20 16:27:57','2020-12-20 16:29:57'),(22,12,3,'2020-12-20 16:29:57','2020-12-20 16:27:57','2020-12-20 16:29:57'),(23,76,4,'2020-12-20 16:29:57','2020-12-20 16:27:57','2020-12-20 16:29:57'),(24,42,4,'2004-02-01 14:27:05','2003-02-01 14:27:05','2020-12-20 16:29:31'),(25,82,1,'2020-12-20 16:29:57','2020-12-20 16:27:57','2020-12-20 16:29:57'),(26,85,2,'2020-12-20 16:29:57','2020-12-20 16:27:57','2020-12-20 16:29:57'),(27,76,4,'2020-12-20 16:29:57','2020-12-20 16:27:57','2020-12-20 16:29:57'),(28,25,3,'2020-03-16 19:31:34','2020-01-27 22:51:33','2020-12-20 16:29:35'),(29,97,1,'2020-12-20 16:29:57','2020-12-20 16:27:57','2020-12-20 16:29:57'),(30,11,3,'2020-12-20 16:29:57','2020-12-20 16:27:57','2020-12-20 16:29:57'),(31,62,3,'2020-12-20 16:29:57','2020-12-20 16:27:57','2020-12-20 16:29:57'),(32,75,3,'2020-12-20 16:29:57','2020-12-20 16:27:57','2020-12-20 16:29:57'),(33,89,4,'2020-12-20 16:29:57','2020-12-20 16:27:57','2020-12-20 16:29:57'),(34,21,4,'2020-12-20 16:29:57','2020-12-20 16:27:57','2020-12-20 16:29:57'),(35,36,4,'2020-12-20 16:29:57','2020-12-20 16:27:57','2020-12-20 16:29:57'),(36,18,2,'2020-12-20 16:29:57','2020-12-20 16:27:57','2020-12-20 16:29:57'),(37,80,1,'2020-12-20 16:29:57','2020-12-20 16:27:57','2020-12-20 16:29:57'),(38,45,1,'2019-04-05 19:43:01','2019-04-05 19:43:01','2020-12-20 01:21:42'),(39,86,3,'2020-12-20 16:29:57','2020-12-20 16:27:57','2020-12-20 16:29:57'),(40,92,2,'2020-12-20 16:29:57','2020-12-20 16:27:57','2020-12-20 16:29:57'),(41,3,1,'2020-12-20 16:29:57','2020-12-20 16:27:57','2020-12-20 16:29:57'),(42,40,4,'2016-10-08 08:08:08','2015-10-18 15:12:51','2020-12-20 16:29:33'),(43,89,3,'2020-12-20 16:29:57','2020-12-20 16:27:57','2020-12-20 16:29:57'),(44,24,4,'2006-05-10 17:57:18','2005-05-10 17:57:18','2020-12-20 16:29:33'),(45,54,3,'2020-12-20 16:29:57','2020-10-26 08:02:50','2020-12-20 16:29:57'),(46,97,3,'2020-12-20 16:29:57','2020-12-20 16:27:57','2020-12-20 16:29:57'),(47,22,1,'2020-12-20 16:29:57','2020-12-20 16:27:57','2020-12-20 16:29:57'),(48,18,2,'2020-12-20 16:29:57','2020-12-20 16:27:57','2020-12-20 16:29:57'),(49,24,3,'2004-04-30 11:05:18','2004-04-30 11:05:18','2020-12-20 16:29:33'),(50,68,3,'2020-12-20 16:29:57','2020-12-20 16:27:57','2020-12-20 16:29:57');
/*!40000 ALTER TABLE `friendship` ENABLE KEYS */;
UNLOCK TABLES;

--
-- Table structure for table `friendship_statuses`
--

DROP TABLE IF EXISTS `friendship_statuses`;
/*!40101 SET @saved_cs_client     = @@character_set_client */;
/*!50503 SET character_set_client = utf8mb4 */;
CREATE TABLE `friendship_statuses` (
  `id` int unsigned NOT NULL AUTO_INCREMENT COMMENT 'Идентификатор строки',
  `name` varchar(150) CHARACTER SET utf8 COLLATE utf8_unicode_ci NOT NULL COMMENT 'Название статуса',
  `created_at` datetime DEFAULT CURRENT_TIMESTAMP COMMENT 'Время создания строки',
  `updated_at` datetime DEFAULT CURRENT_TIMESTAMP ON UPDATE CURRENT_TIMESTAMP COMMENT 'Время обновления строки',
  PRIMARY KEY (`id`),
  UNIQUE KEY `name` (`name`)
) ENGINE=InnoDB AUTO_INCREMENT=5 DEFAULT CHARSET=utf8 COLLATE=utf8_unicode_ci COMMENT='Статусы дружбы';
/*!40101 SET character_set_client = @saved_cs_client */;

--
-- Dumping data for table `friendship_statuses`
--

LOCK TABLES `friendship_statuses` WRITE;
/*!40000 ALTER TABLE `friendship_statuses` DISABLE KEYS */;
INSERT INTO `friendship_statuses` VALUES (1,'Requested','2020-12-20 01:17:49','2020-12-20 01:17:49'),(2,'Confirmed','2020-12-20 01:17:49','2020-12-20 01:17:49'),(3,'Rejected','2020-12-20 01:17:49','2020-12-20 01:17:49'),(4,'Deleted','2020-12-20 01:17:49','2020-12-20 01:17:49');
/*!40000 ALTER TABLE `friendship_statuses` ENABLE KEYS */;
UNLOCK TABLES;

--
-- Table structure for table `likes`
--

DROP TABLE IF EXISTS `likes`;
/*!40101 SET @saved_cs_client     = @@character_set_client */;
/*!50503 SET character_set_client = utf8mb4 */;
CREATE TABLE `likes` (
  `id` int unsigned NOT NULL AUTO_INCREMENT,
  `user_id` int unsigned NOT NULL,
  `target_id` int unsigned NOT NULL,
  `target_type_id` int unsigned NOT NULL,
  `created_at` datetime DEFAULT CURRENT_TIMESTAMP,
  PRIMARY KEY (`id`),
  KEY `likes_user_id_fk` (`user_id`),
  KEY `likes_target_id_fk` (`target_type_id`),
  CONSTRAINT `likes_target_id_fk` FOREIGN KEY (`target_type_id`) REFERENCES `target_types` (`id`),
  CONSTRAINT `likes_user_id_fk` FOREIGN KEY (`user_id`) REFERENCES `users` (`id`) ON DELETE CASCADE
) ENGINE=InnoDB AUTO_INCREMENT=101 DEFAULT CHARSET=utf8mb4 COLLATE=utf8mb4_0900_ai_ci;
/*!40101 SET character_set_client = @saved_cs_client */;

--
-- Dumping data for table `likes`
--

LOCK TABLES `likes` WRITE;
/*!40000 ALTER TABLE `likes` DISABLE KEYS */;
INSERT INTO `likes` VALUES (1,8,11,2,'2021-01-12 16:58:49'),(2,20,7,4,'2021-01-12 16:58:49'),(3,58,60,1,'2021-01-12 16:58:49'),(4,47,61,3,'2021-01-12 16:58:49'),(5,16,100,3,'2021-01-12 16:58:49'),(6,59,41,1,'2021-01-12 16:58:49'),(7,2,33,3,'2021-01-12 16:58:49'),(8,7,48,1,'2021-01-12 16:58:49'),(9,50,95,1,'2021-01-12 16:58:49'),(10,23,48,3,'2021-01-12 16:58:49'),(11,17,68,4,'2021-01-12 16:58:49'),(12,28,79,1,'2021-01-12 16:58:49'),(13,23,76,1,'2021-01-12 16:58:49'),(14,33,29,2,'2021-01-12 16:58:49'),(15,40,64,4,'2021-01-12 16:58:49'),(16,6,32,2,'2021-01-12 16:58:49'),(17,1,87,2,'2021-01-12 16:58:49'),(18,89,53,4,'2021-01-12 16:58:49'),(19,35,76,3,'2021-01-12 16:58:49'),(20,45,100,3,'2021-01-12 16:58:49'),(21,20,9,4,'2021-01-12 16:58:49'),(22,85,77,2,'2021-01-12 16:58:49'),(23,22,16,1,'2021-01-12 16:58:49'),(24,26,85,2,'2021-01-12 16:58:49'),(25,76,39,3,'2021-01-12 16:58:49'),(26,20,95,1,'2021-01-12 16:58:49'),(27,95,25,2,'2021-01-12 16:58:49'),(28,31,30,3,'2021-01-12 16:58:49'),(29,97,13,3,'2021-01-12 16:58:49'),(30,27,16,4,'2021-01-12 16:58:49'),(31,36,90,2,'2021-01-12 16:58:49'),(32,42,79,3,'2021-01-12 16:58:49'),(33,17,70,1,'2021-01-12 16:58:49'),(34,93,64,2,'2021-01-12 16:58:49'),(35,1,89,2,'2021-01-12 16:58:49'),(36,42,83,4,'2021-01-12 16:58:49'),(37,89,81,2,'2021-01-12 16:58:49'),(38,50,35,1,'2021-01-12 16:58:49'),(39,1,43,1,'2021-01-12 16:58:49'),(40,26,95,4,'2021-01-12 16:58:49'),(41,5,32,2,'2021-01-12 16:58:49'),(42,13,37,2,'2021-01-12 16:58:49'),(43,33,18,4,'2021-01-12 16:58:49'),(44,86,65,3,'2021-01-12 16:58:49'),(45,44,15,2,'2021-01-12 16:58:49'),(46,75,42,4,'2021-01-12 16:58:49'),(47,94,17,1,'2021-01-12 16:58:49'),(48,66,19,4,'2021-01-12 16:58:49'),(49,17,2,3,'2021-01-12 16:58:49'),(50,87,60,2,'2021-01-12 16:58:49'),(51,99,88,2,'2021-01-12 16:58:49'),(52,46,3,4,'2021-01-12 16:58:49'),(53,69,17,4,'2021-01-12 16:58:49'),(54,40,65,1,'2021-01-12 16:58:49'),(55,29,31,3,'2021-01-12 16:58:49'),(56,46,24,4,'2021-01-12 16:58:49'),(57,40,52,2,'2021-01-12 16:58:49'),(58,36,67,1,'2021-01-12 16:58:49'),(59,13,97,2,'2021-01-12 16:58:49'),(60,36,43,1,'2021-01-12 16:58:49'),(61,10,25,4,'2021-01-12 16:58:49'),(62,94,87,3,'2021-01-12 16:58:49'),(63,10,86,4,'2021-01-12 16:58:49'),(64,31,62,1,'2021-01-12 16:58:49'),(65,87,92,4,'2021-01-12 16:58:49'),(66,21,6,3,'2021-01-12 16:58:49'),(67,8,44,4,'2021-01-12 16:58:49'),(68,42,23,4,'2021-01-12 16:58:49'),(69,87,61,2,'2021-01-12 16:58:49'),(70,35,41,1,'2021-01-12 16:58:49'),(71,81,1,3,'2021-01-12 16:58:49'),(72,3,31,2,'2021-01-12 16:58:49'),(73,36,40,4,'2021-01-12 16:58:49'),(74,37,8,2,'2021-01-12 16:58:49'),(75,35,77,4,'2021-01-12 16:58:49'),(76,75,32,2,'2021-01-12 16:58:49'),(77,65,27,2,'2021-01-12 16:58:49'),(78,25,98,1,'2021-01-12 16:58:49'),(79,94,16,4,'2021-01-12 16:58:49'),(80,35,86,1,'2021-01-12 16:58:49'),(81,54,3,3,'2021-01-12 16:58:49'),(82,49,90,1,'2021-01-12 16:58:49'),(83,37,80,4,'2021-01-12 16:58:49'),(84,2,46,1,'2021-01-12 16:58:49'),(85,71,89,2,'2021-01-12 16:58:49'),(86,90,53,4,'2021-01-12 16:58:49'),(87,20,11,4,'2021-01-12 16:58:49'),(88,46,40,3,'2021-01-12 16:58:49'),(89,93,76,1,'2021-01-12 16:58:49'),(90,75,73,2,'2021-01-12 16:58:49'),(91,78,72,1,'2021-01-12 16:58:49'),(92,98,23,1,'2021-01-12 16:58:49'),(93,35,11,2,'2021-01-12 16:58:49'),(94,5,84,1,'2021-01-12 16:58:49'),(95,68,26,2,'2021-01-12 16:58:49'),(96,56,99,2,'2021-01-12 16:58:49'),(97,38,6,1,'2021-01-12 16:58:49'),(98,57,42,2,'2021-01-12 16:58:49'),(99,54,61,2,'2021-01-12 16:58:49'),(100,28,12,4,'2021-01-12 16:58:49');
/*!40000 ALTER TABLE `likes` ENABLE KEYS */;
UNLOCK TABLES;

--
-- Table structure for table `media`
--

DROP TABLE IF EXISTS `media`;
/*!40101 SET @saved_cs_client     = @@character_set_client */;
/*!50503 SET character_set_client = utf8mb4 */;
CREATE TABLE `media` (
  `id` int unsigned NOT NULL AUTO_INCREMENT COMMENT 'Идентификатор строки',
  `user_id` int unsigned NOT NULL COMMENT 'Ссылка на пользователя, который загрузил файл',
  `filename` varchar(255) CHARACTER SET utf8 COLLATE utf8_unicode_ci NOT NULL COMMENT 'Путь к файлу',
  `size` int NOT NULL COMMENT 'Размер файла',
  `metadata` longtext CHARACTER SET utf8mb4 COLLATE utf8mb4_bin COMMENT 'Метаданные файла',
  `media_type_id` int unsigned NOT NULL COMMENT 'Ссылка на тип контента',
  `created_at` datetime DEFAULT CURRENT_TIMESTAMP COMMENT 'Время создания строки',
  `updated_at` datetime DEFAULT CURRENT_TIMESTAMP ON UPDATE CURRENT_TIMESTAMP COMMENT 'Время обновления строки',
  PRIMARY KEY (`id`),
  KEY `media_user_id_fk` (`user_id`),
  KEY `media_media_type_id_fk` (`media_type_id`),
  CONSTRAINT `media_media_type_id_fk` FOREIGN KEY (`media_type_id`) REFERENCES `media_types` (`id`),
  CONSTRAINT `media_user_id_fk` FOREIGN KEY (`user_id`) REFERENCES `users` (`id`) ON DELETE CASCADE,
  CONSTRAINT `media_chk_1` CHECK (json_valid(`metadata`))
) ENGINE=InnoDB AUTO_INCREMENT=101 DEFAULT CHARSET=utf8 COLLATE=utf8_unicode_ci COMMENT='Медиафайлы';
/*!40101 SET character_set_client = @saved_cs_client */;

--
-- Dumping data for table `media`
--

LOCK TABLES `media` WRITE;
/*!40000 ALTER TABLE `media` DISABLE KEYS */;
INSERT INTO `media` VALUES (1,85,'https://vk.com/files/illumavi.avi',604654840,'{\"owner\":\"Nikko Baumbach\"}',1,'2006-09-16 07:45:21','2020-12-20 13:33:12'),(2,50,'https://vk.com/files/ipsum.mp3',1096633,'{\"owner\":\"Carolanne Torp\"}',2,'2019-07-09 03:18:40','2020-12-20 13:33:12'),(3,94,'https://vk.com/files/est.jpg',4893198,'{\"owner\":\"Dalton Hermann\"}',3,'2020-12-20 15:49:14','2020-12-20 15:52:47'),(4,21,'https://vk.com/files/maxime.doc',8384274,'{\"owner\":\"Eleanora Rowe\"}',4,'2020-12-20 15:49:14','2020-12-20 15:49:14'),(5,21,'https://vk.com/files/eumavi.avi',86841827,'{\"owner\":\"Eleanora Rowe\"}',1,'2009-12-23 06:59:14','2020-12-20 15:53:11'),(6,43,'https://vk.com/files/voluptasavi.avi',9853782,'{\"owner\":\"Ines Feeney\"}',1,'2011-06-11 17:23:49','2020-12-20 13:33:12'),(7,52,'https://vk.com/files/est.jpg',4970078,'{\"owner\":\"Shawna McDermott\"}',3,'1993-04-16 04:56:15','2020-12-20 15:52:47'),(8,30,'https://vk.com/files/voluptatem.mp3',5432414,'{\"owner\":\"Ubaldo Mayert\"}',2,'2020-12-20 15:49:14','2020-12-20 15:53:00'),(9,95,'https://vk.com/files/praesentiumavi.avi',34944541,'{\"owner\":\"Godfrey Cummings\"}',1,'2008-02-05 23:09:01','2020-12-20 15:53:11'),(10,83,'https://vk.com/files/dolores.doc',229100,'{\"owner\":\"Dorian White\"}',4,'2014-04-30 18:56:11','2020-12-20 15:51:55'),(11,31,'https://vk.com/files/nonavi.avi',13197227,'{\"owner\":\"Davin Romaguera\"}',1,'2020-12-20 15:49:14','2020-12-20 15:53:11'),(12,4,'https://vk.com/files/fuga.doc',36529,'{\"owner\":\"Ariane Cassin\"}',4,'2020-12-20 15:49:14','2020-12-20 15:49:14'),(13,27,'https://vk.com/files/eius.mp3',6360740,'{\"owner\":\"Eric Metz\"}',2,'2005-11-24 16:05:21','2020-12-20 15:53:00'),(14,24,'https://vk.com/files/etavi.avi',60152516,'{\"owner\":\"Ansley Aufderhar\"}',1,'2013-12-03 13:05:00','2020-12-20 15:53:11'),(15,37,'https://vk.com/files/aperiamavi.avi',60170904,'{\"owner\":\"Amir Beatty\"}',1,'2003-09-17 13:42:52','2020-12-20 15:53:11'),(16,14,'https://vk.com/files/natus.doc',94104876,'{\"owner\":\"Dustin Reinger\"}',4,'1990-10-10 19:07:12','2020-12-20 13:33:12'),(17,56,'https://vk.com/files/minimaavi.avi',19396973,'{\"owner\":\"Elaina Hirthe\"}',1,'2020-12-20 15:49:14','2020-12-20 15:53:11'),(18,37,'https://vk.com/files/et.doc',14993,'{\"owner\":\"Amir Beatty\"}',4,'2002-03-19 11:07:11','2020-12-20 15:51:55'),(19,18,'https://vk.com/files/vero.jpg',39283422,'{\"owner\":\"Shaniya Renner\"}',3,'2020-12-20 15:49:14','2020-12-20 15:49:14'),(20,76,'https://vk.com/files/estavi.avi',15472158,'{\"owner\":\"Amya Romaguera\"}',1,'2020-09-02 16:07:27','2020-12-20 15:53:11'),(21,28,'https://vk.com/files/incidunt.mp3',5406457,'{\"owner\":\"Ernestine Mosciski\"}',2,'2020-12-20 15:49:14','2020-12-20 15:53:00'),(22,9,'https://vk.com/files/voluptatem.doc',3755450,'{\"owner\":\"Rene Anderson\"}',4,'2020-12-20 15:49:14','2020-12-20 15:49:14'),(23,61,'https://vk.com/files/impeditavi.avi',18169873,'{\"owner\":\"Carmine Stokes\"}',1,'2020-12-20 15:49:14','2020-12-20 15:53:11'),(24,78,'https://vk.com/files/placeatavi.avi',43432897,'{\"owner\":\"Ariane Gorczany\"}',1,'2004-03-15 13:52:51','2020-12-20 15:53:11'),(25,7,'https://vk.com/files/repellendus.mp3',266157,'{\"owner\":\"Ashlee Borer\"}',2,'2014-02-14 05:59:08','2020-12-20 13:33:12'),(26,99,'https://vk.com/files/voluptatem.doc',35466,'{\"owner\":\"Jadon Harber\"}',4,'2003-02-22 09:53:05','2020-12-20 13:33:12'),(27,74,'https://vk.com/files/quo.jpg',120796,'{\"owner\":\"Elliot Parisian\"}',3,'2020-12-20 15:49:14','2020-12-20 15:52:47'),(28,74,'https://vk.com/files/doloremque.jpg',643748,'{\"owner\":\"Elliot Parisian\"}',3,'2020-12-20 15:49:14','2020-12-20 15:52:47'),(29,46,'https://vk.com/files/minus.doc',94304933,'{\"owner\":\"Nella Johns\"}',4,'2020-12-20 15:49:14','2020-12-20 15:49:14'),(30,7,'https://vk.com/files/nequeavi.avi',8557538,'{\"owner\":\"Ashlee Borer\"}',1,'2020-12-20 15:49:14','2020-12-20 15:49:14'),(31,99,'https://vk.com/files/dolor.doc',377668,'{\"owner\":\"Jadon Harber\"}',4,'2014-04-10 02:25:39','2020-12-20 15:51:55'),(32,70,'https://vk.com/files/quis.doc',833359,'{\"owner\":\"Travon Kessler\"}',4,'2020-12-20 15:49:14','2020-12-20 15:51:55'),(33,56,'https://vk.com/files/adipisci.doc',22818,'{\"owner\":\"Elaina Hirthe\"}',4,'2008-03-10 06:49:57','2020-12-20 15:48:12'),(34,68,'https://vk.com/files/etavi.avi',399029847,'{\"owner\":\"Delphia Graham\"}',1,'2002-03-17 10:53:28','2020-12-20 13:33:12'),(35,71,'https://vk.com/files/illo.doc',7386413,'{\"owner\":\"Maverick Waelchi\"}',4,'2011-10-15 15:50:07','2020-12-20 15:48:12'),(36,50,'https://vk.com/files/at.doc',97902,'{\"owner\":\"Carolanne Torp\"}',4,'2020-12-20 15:49:14','2020-12-20 15:49:14'),(37,38,'https://vk.com/files/molestiae.mp3',43428378,'{\"owner\":\"Layne Monahan\"}',2,'2020-12-20 15:49:14','2020-12-20 15:49:14'),(38,40,'https://vk.com/files/saepeavi.avi',61654868,'{\"owner\":\"Reba McClure\"}',1,'2016-03-03 19:51:11','2020-12-20 15:53:11'),(39,85,'https://vk.com/files/laboriosam.doc',1987296,'{\"owner\":\"Nikko Baumbach\"}',4,'2020-12-20 15:49:14','2020-12-20 15:49:14'),(40,6,'https://vk.com/files/utavi.avi',76975651,'{\"owner\":\"Blanche Windler\"}',1,'2018-02-02 13:43:48','2020-12-20 15:53:11'),(41,72,'https://vk.com/files/atqueavi.avi',98913658,'{\"owner\":\"Jeanie Hamill\"}',1,'2016-04-19 15:01:27','2020-12-20 15:53:11'),(42,43,'https://vk.com/files/velitavi.avi',62641338,'{\"owner\":\"Ines Feeney\"}',1,'2012-09-29 23:59:03','2020-12-20 15:53:11'),(43,100,'https://vk.com/files/est.mp3',7850068,'{\"owner\":\"Antonette Krajcik\"}',2,'2008-11-16 17:52:53','2020-12-20 15:53:00'),(44,68,'https://vk.com/files/quidem.jpg',791807357,'{\"owner\":\"Delphia Graham\"}',3,'2006-11-07 17:02:38','2020-12-20 15:48:12'),(45,40,'https://vk.com/files/eos.mp3',874164,'{\"owner\":\"Reba McClure\"}',2,'2019-11-30 01:44:52','2020-12-20 15:48:20'),(46,95,'https://vk.com/files/teneturavi.avi',15465720,'{\"owner\":\"Godfrey Cummings\"}',1,'2020-12-20 15:49:14','2020-12-20 15:53:11'),(47,55,'https://vk.com/files/quiavi.avi',88404592,'{\"owner\":\"Madelyn Torphy\"}',1,'2011-04-05 08:48:06','2020-12-20 15:53:11'),(48,91,'https://vk.com/files/nihil.mp3',1495858,'{\"owner\":\"Mertie Kerluke\"}',2,'2020-12-20 15:49:14','2020-12-20 15:49:14'),(49,89,'https://vk.com/files/eum.mp3',6701205,'{\"owner\":\"Aliya Labadie\"}',2,'1989-02-23 13:25:29','2020-12-20 15:48:11'),(50,69,'https://vk.com/files/providentavi.avi',94625801,'{\"owner\":\"Elmo Monahan\"}',1,'2020-12-20 15:49:14','2020-12-20 15:53:11'),(51,81,'https://vk.com/files/in.doc',3190654,'{\"owner\":\"Leta O\'Keefe\"}',4,'2020-12-20 15:49:14','2020-12-20 15:49:14'),(52,94,'https://vk.com/files/dolorum.doc',23793,'{\"owner\":\"Dalton Hermann\"}',4,'2013-03-16 04:40:14','2020-12-20 15:51:55'),(53,29,'https://vk.com/files/maxime.mp3',3372263,'{\"owner\":\"Mylene Bergnaum\"}',2,'2012-05-11 23:25:04','2020-12-20 13:33:12'),(54,63,'https://vk.com/files/dolorumavi.avi',6915235,'{\"owner\":\"Blanche Runolfsdottir\"}',1,'2009-03-28 17:23:20','2020-12-20 15:53:11'),(55,27,'https://vk.com/files/hicavi.avi',49698773,'{\"owner\":\"Eric Metz\"}',1,'2014-04-02 23:03:54','2020-12-20 15:53:11'),(56,47,'https://vk.com/files/architecto.jpg',2033037,'{\"owner\":\"Eden Bergstrom\"}',3,'2020-12-20 15:49:14','2020-12-20 15:49:14'),(57,51,'https://vk.com/files/odio.mp3',2930971,'{\"owner\":\"Markus Bergstrom\"}',2,'2004-04-14 14:32:08','2020-12-20 15:53:00'),(58,13,'https://vk.com/files/optio.jpg',8708270,'{\"owner\":\"Stacy Quitzon\"}',3,'1998-05-18 06:15:06','2020-12-20 15:48:17'),(59,12,'https://vk.com/files/a.mp3',1004651,'{\"owner\":\"Pattie Heathcote\"}',2,'2020-12-20 15:49:14','2020-12-20 15:53:00'),(60,21,'https://vk.com/files/consequatur.mp3',918438,'{\"owner\":\"Eleanora Rowe\"}',2,'2020-12-20 15:49:14','2020-12-20 15:49:14'),(61,67,'https://vk.com/files/facilis.doc',110869,'{\"owner\":\"Pierre Anderson\"}',4,'2020-12-20 15:49:14','2020-12-20 15:49:14'),(62,71,'https://vk.com/files/alias.jpg',397026,'{\"owner\":\"Maverick Waelchi\"}',3,'2020-12-20 15:49:14','2020-12-20 15:49:14'),(63,55,'https://vk.com/files/dolores.doc',46397,'{\"owner\":\"Madelyn Torphy\"}',4,'2020-12-20 15:49:14','2020-12-20 15:49:14'),(64,62,'https://vk.com/files/voluptas.doc',681029274,'{\"owner\":\"Geovanni Walter\"}',4,'2014-09-24 18:36:59','2020-12-20 13:33:12'),(65,46,'https://vk.com/files/aperiam.doc',782822,'{\"owner\":\"Nella Johns\"}',4,'2020-12-20 15:49:14','2020-12-20 15:49:14'),(66,42,'https://vk.com/files/ullam.doc',185822,'{\"owner\":\"Claudie Hirthe\"}',4,'1994-08-23 20:27:10','2020-12-20 13:33:12'),(67,71,'https://vk.com/files/labore.doc',989048,'{\"owner\":\"Maverick Waelchi\"}',4,'2020-12-20 15:49:14','2020-12-20 15:49:14'),(68,27,'https://vk.com/files/officia.doc',1346301,'{\"owner\":\"Eric Metz\"}',4,'2013-10-14 00:31:41','2020-12-20 13:33:12'),(69,24,'https://vk.com/files/perferendisavi.avi',26748163,'{\"owner\":\"Ansley Aufderhar\"}',1,'2020-12-20 15:49:14','2020-12-20 15:53:11'),(70,36,'https://vk.com/files/consectetur.jpg',2806353,'{\"owner\":\"Jacinto Grimes\"}',3,'2020-12-20 15:49:14','2020-12-20 15:52:47'),(71,8,'https://vk.com/files/perferendis.jpg',2050523,'{\"owner\":\"Jaida Rodriguez\"}',3,'2020-12-20 15:49:14','2020-12-20 15:52:47'),(72,30,'https://vk.com/files/qui.doc',404755105,'{\"owner\":\"Ubaldo Mayert\"}',4,'2005-09-12 06:44:10','2020-12-20 15:48:12'),(73,28,'https://vk.com/files/molestias.jpg',75246,'{\"owner\":\"Ernestine Mosciski\"}',3,'2020-12-20 15:49:14','2020-12-20 15:49:14'),(74,51,'https://vk.com/files/ut.jpg',99849,'{\"owner\":\"Markus Bergstrom\"}',3,'1996-08-21 05:09:59','2020-12-20 15:48:12'),(75,68,'https://vk.com/files/dolor.doc',452353729,'{\"owner\":\"Delphia Graham\"}',4,'2012-08-13 11:26:27','2020-12-20 15:48:20'),(76,87,'https://vk.com/files/accusantium.jpg',1783555,'{\"owner\":\"Garett McCullough\"}',3,'2018-06-06 03:27:53','2020-12-20 15:52:47'),(77,32,'https://vk.com/files/assumendaavi.avi',83644500,'{\"owner\":\"Felix McGlynn\"}',1,'2017-06-21 17:16:23','2020-12-20 15:53:11'),(78,100,'https://vk.com/files/porro.mp3',6130341,'{\"owner\":\"Antonette Krajcik\"}',2,'2020-12-20 15:49:14','2020-12-20 15:53:00'),(79,100,'https://vk.com/files/necessitatibusavi.avi',36978014,'{\"owner\":\"Antonette Krajcik\"}',1,'2020-12-20 15:49:14','2020-12-20 15:53:11'),(80,1,'https://vk.com/files/deserunt.doc',5795644,'{\"owner\":\"Cooper Armstrong\"}',4,'2020-07-08 07:13:11','2020-12-20 15:48:11'),(81,3,'https://vk.com/files/saepe.doc',608888,'{\"owner\":\"Carolyn Emmerich\"}',4,'2020-05-25 19:14:47','2020-12-20 15:51:55'),(82,13,'https://vk.com/files/suscipit.mp3',7537754,'{\"owner\":\"Stacy Quitzon\"}',2,'2020-12-20 15:49:14','2020-12-20 15:53:00'),(83,54,'https://vk.com/files/harum.mp3',9197750,'{\"owner\":\"Marion Schroeder\"}',2,'2015-04-18 03:00:27','2020-12-20 15:53:00'),(84,32,'https://vk.com/files/voluptatibusavi.avi',32956575,'{\"owner\":\"Felix McGlynn\"}',1,'2020-12-20 15:49:14','2020-12-20 15:53:11'),(85,97,'https://vk.com/files/velitavi.avi',7152070,'{\"owner\":\"Hans Oberbrunner\"}',1,'2020-12-20 15:49:14','2020-12-20 15:49:14'),(86,89,'https://vk.com/files/quis.jpg',39685865,'{\"owner\":\"Aliya Labadie\"}',3,'2020-12-20 15:49:14','2020-12-20 15:49:14'),(87,54,'https://vk.com/files/facilisavi.avi',73292501,'{\"owner\":\"Marion Schroeder\"}',1,'2020-12-20 15:49:14','2020-12-20 15:49:14'),(88,4,'https://vk.com/files/ullamavi.avi',52848835,'{\"owner\":\"Ariane Cassin\"}',1,'2020-12-20 15:49:14','2020-12-20 15:53:11'),(89,55,'https://vk.com/files/et.jpg',756385,'{\"owner\":\"Madelyn Torphy\"}',3,'2020-12-20 15:49:14','2020-12-20 15:49:14'),(90,63,'https://vk.com/files/deseruntavi.avi',59366070,'{\"owner\":\"Blanche Runolfsdottir\"}',1,'2020-12-20 15:49:14','2020-12-20 15:49:14'),(91,50,'https://vk.com/files/debitis.doc',60241307,'{\"owner\":\"Carolanne Torp\"}',4,'2020-12-20 15:49:14','2020-12-20 15:49:14'),(92,58,'https://vk.com/files/necessitatibusavi.avi',64374455,'{\"owner\":\"Filomena Hermiston\"}',1,'2020-12-20 15:49:14','2020-12-20 15:53:11'),(93,43,'https://vk.com/files/aut.jpg',8095529,'{\"owner\":\"Ines Feeney\"}',3,'2000-04-14 03:10:40','2020-12-20 15:48:12'),(94,38,'https://vk.com/files/consequuntur.jpg',38283725,'{\"owner\":\"Layne Monahan\"}',3,'2020-12-20 15:49:14','2020-12-20 15:49:14'),(95,63,'https://vk.com/files/sit.mp3',7903005,'{\"owner\":\"Blanche Runolfsdottir\"}',2,'2000-06-22 08:55:06','2020-12-20 15:48:03'),(96,98,'https://vk.com/files/asperiores.doc',963060,'{\"owner\":\"Bobbie Kirlin\"}',4,'2016-10-26 09:59:39','2020-12-20 15:51:55'),(97,2,'https://vk.com/files/eos.mp3',30981644,'{\"owner\":\"D\'angelo Abshire\"}',2,'2020-12-20 15:49:14','2020-12-20 15:49:14'),(98,16,'https://vk.com/files/quasi.jpg',66941818,'{\"owner\":\"Mohammed Jaskolski\"}',3,'2020-12-20 15:49:14','2020-12-20 15:49:14'),(99,73,'https://vk.com/files/porro.doc',8986452,'{\"owner\":\"Mafalda Kertzmann\"}',4,'2000-08-13 00:23:29','2020-12-20 13:33:12'),(100,16,'https://vk.com/files/voluptas.mp3',3275486,'{\"owner\":\"Mohammed Jaskolski\"}',2,'2020-12-20 15:49:14','2020-12-20 15:53:00');
/*!40000 ALTER TABLE `media` ENABLE KEYS */;
UNLOCK TABLES;

--
-- Table structure for table `media_types`
--

DROP TABLE IF EXISTS `media_types`;
/*!40101 SET @saved_cs_client     = @@character_set_client */;
/*!50503 SET character_set_client = utf8mb4 */;
CREATE TABLE `media_types` (
  `id` int unsigned NOT NULL AUTO_INCREMENT COMMENT 'Идентификатор строки',
  `name` varchar(255) CHARACTER SET utf8 COLLATE utf8_unicode_ci NOT NULL COMMENT 'Название типа',
  `created_at` datetime DEFAULT CURRENT_TIMESTAMP COMMENT 'Время создания строки',
  `updated_at` datetime DEFAULT CURRENT_TIMESTAMP ON UPDATE CURRENT_TIMESTAMP COMMENT 'Время обновления строки',
  PRIMARY KEY (`id`),
  UNIQUE KEY `name` (`name`)
) ENGINE=InnoDB AUTO_INCREMENT=6 DEFAULT CHARSET=utf8 COLLATE=utf8_unicode_ci COMMENT='Типы медиафайлов';
/*!40101 SET character_set_client = @saved_cs_client */;

--
-- Dumping data for table `media_types`
--

LOCK TABLES `media_types` WRITE;
/*!40000 ALTER TABLE `media_types` DISABLE KEYS */;
INSERT INTO `media_types` VALUES (1,'video','2003-04-01 11:45:02','2020-12-20 01:34:35'),(2,'audio','2019-01-19 18:11:42','2020-12-20 01:35:17'),(3,'photo','1971-05-20 22:21:54','2020-12-20 01:35:28'),(4,'text','2019-10-02 23:39:28','2020-12-20 01:35:34');
/*!40000 ALTER TABLE `media_types` ENABLE KEYS */;
UNLOCK TABLES;

--
-- Table structure for table `messages`
--

DROP TABLE IF EXISTS `messages`;
/*!40101 SET @saved_cs_client     = @@character_set_client */;
/*!50503 SET character_set_client = utf8mb4 */;
CREATE TABLE `messages` (
  `id` int unsigned NOT NULL AUTO_INCREMENT COMMENT 'Идентификатор строки',
  `from_user_id` int unsigned NOT NULL COMMENT 'Ссылка на отправителя сообщения',
  `to_user_id` int unsigned NOT NULL COMMENT 'Ссылка на получателя сообщения',
  `body` text CHARACTER SET utf8 COLLATE utf8_unicode_ci NOT NULL COMMENT 'Текст сообщения',
  `is_important` tinyint(1) DEFAULT NULL COMMENT 'Признак важности',
  `is_delivered` tinyint(1) DEFAULT NULL COMMENT 'Признак доставки',
  `created_at` datetime DEFAULT CURRENT_TIMESTAMP COMMENT 'Время создания строки',
  PRIMARY KEY (`id`),
  KEY `messages_from_user_id_fk` (`from_user_id`),
  KEY `messages_to_user_id_fk` (`to_user_id`),
  CONSTRAINT `messages_from_user_id_fk` FOREIGN KEY (`from_user_id`) REFERENCES `users` (`id`) ON DELETE CASCADE,
  CONSTRAINT `messages_to_user_id_fk` FOREIGN KEY (`to_user_id`) REFERENCES `users` (`id`) ON DELETE CASCADE
) ENGINE=InnoDB AUTO_INCREMENT=101 DEFAULT CHARSET=utf8 COLLATE=utf8_unicode_ci COMMENT='Сообщения';
/*!40101 SET character_set_client = @saved_cs_client */;

--
-- Dumping data for table `messages`
--

LOCK TABLES `messages` WRITE;
/*!40000 ALTER TABLE `messages` DISABLE KEYS */;
INSERT INTO `messages` VALUES (1,59,64,'Nemo velit illum assumenda. Quia possimus quam debitis molestiae labore perspiciatis rem. Non laborum sit nisi et eos.',0,0,'2020-12-20 16:09:52'),(2,41,12,'Ea expedita architecto veritatis iste perferendis. Vero harum architecto eum ratione accusantium unde quas. Quos autem quam sint quam.',1,1,'2020-12-20 16:09:52'),(3,39,57,'Aut fugit earum voluptatem soluta ut nesciunt. Molestias earum inventore vero ipsum et et. Aut voluptas voluptatum fugiat facilis error aliquam cumque. Sit rem voluptatem aperiam excepturi a dolores aut.',0,1,'2020-12-20 16:09:52'),(4,67,63,'Labore voluptas consectetur cum dolor. Aliquam unde aut aut qui fugiat pariatur vitae. Eveniet praesentium aut velit dolorem voluptas.',0,1,'2020-12-20 16:09:52'),(5,16,90,'Sapiente dolore animi sapiente laborum. Officia voluptatem qui sit doloremque qui esse consequatur.',0,0,'2020-12-20 16:09:52'),(6,100,29,'Aspernatur iusto minima in. Eum sit eos pariatur animi temporibus autem velit debitis. Totam odit expedita animi numquam voluptatem qui repudiandae. Nemo magni quos non deserunt totam adipisci non eaque.',0,0,'2020-12-20 16:09:52'),(7,47,46,'Et enim voluptatum autem eum tempore. Eum a eum deserunt itaque nesciunt. Voluptatem modi alias excepturi assumenda consequatur.',1,0,'2020-12-20 16:09:52'),(8,90,9,'Eaque id ut quis vel magnam. Sunt asperiores voluptatibus eius. Assumenda ducimus repudiandae quam dolore alias quisquam.',0,0,'2020-12-20 16:09:52'),(9,77,57,'Eaque quis veniam ipsam. Officia laborum aliquid quam architecto. Rerum et reprehenderit consectetur delectus quo. Iusto minima sed amet.',1,0,'2019-05-28 18:24:15'),(10,53,92,'Aspernatur assumenda ratione quis ut. Accusamus est iure doloribus qui. A quia sed tenetur similique consectetur inventore id. Rerum similique quia in magnam.',1,0,'2020-12-20 16:09:52'),(11,2,35,'Eveniet voluptatem ipsa eos beatae cumque consequatur. Corporis est voluptatum sapiente eaque est ut dolor ex. Ut corporis iure voluptatem saepe.',1,0,'2018-08-09 18:58:22'),(12,66,27,'Et maxime suscipit rerum qui necessitatibus quas. Alias molestiae officia quia fugit culpa. Vero nisi dolor sit hic in iusto. Dicta quam quia cum culpa debitis tempore praesentium molestiae.',0,1,'2020-12-20 16:09:52'),(13,34,91,'Et consectetur consequatur amet. Omnis magnam officia quibusdam. Enim consequatur id distinctio deleniti. Laborum repellendus nam ea.',1,1,'2020-12-20 16:09:52'),(14,50,79,'Id necessitatibus expedita delectus vero. Eum explicabo consectetur et similique autem est. At ratione adipisci quos dolorem esse deserunt accusamus in. Incidunt officia ut animi et suscipit.',0,1,'2020-12-20 16:09:52'),(15,45,86,'Quas sint est ullam inventore enim autem omnis. Molestiae in est sit nihil neque. Dolores voluptates dolor consequuntur dolore temporibus ipsa. In repellat id odit dolorum quia nihil.',0,0,'2020-12-20 16:09:52'),(16,96,19,'Blanditiis fugit at ad asperiores officiis repellat. Aspernatur recusandae earum ut quisquam doloribus earum tempore. Maxime alias suscipit nemo rerum. Beatae saepe laborum et beatae porro quasi quia.',0,1,'2020-12-20 16:09:52'),(17,8,80,'Eum quasi sed dolor aut ipsam. Velit ipsam omnis blanditiis reprehenderit rerum accusamus animi. Et ullam suscipit sit culpa suscipit ut harum ut. Velit similique dolor aspernatur et. Et architecto dicta qui voluptates in.',0,0,'2020-12-20 16:09:52'),(18,79,51,'Velit ut sit placeat non odit rem. Tenetur dignissimos velit consequuntur ea minima vero quas iure. Dicta placeat neque ut quaerat est omnis. Quaerat ut deserunt deleniti impedit.',0,1,'2020-12-20 16:09:52'),(19,20,48,'Adipisci ea voluptas non placeat quasi. Voluptatem quae suscipit sed expedita assumenda est necessitatibus ut. Rem non quibusdam et culpa sint ea.',1,0,'2020-12-20 16:09:52'),(20,76,37,'Saepe quis ut eos voluptatem quas aut. Et unde quisquam asperiores magnam nihil. Illo ipsam nobis blanditiis numquam.',1,0,'2020-12-20 16:09:52'),(21,56,70,'Qui sequi architecto beatae consequuntur modi blanditiis non quam. Deleniti non et voluptate odit fugit vel sit voluptatum. Repellat distinctio eius maiores consequatur officia autem.',1,1,'2020-12-20 16:09:52'),(22,79,84,'Eaque dolores itaque qui sit laudantium voluptatem. Qui omnis natus et harum quia. Voluptatibus laudantium eos molestias aut ut.',0,1,'2020-12-20 16:09:52'),(23,82,60,'Quo repellat veniam et alias corporis. Eos voluptatem id aut ut totam ducimus officiis. Rem consequuntur blanditiis illo in qui et. Quia iure doloribus qui aut officia fugit.',0,1,'2020-12-20 16:09:52'),(24,52,82,'Vitae architecto quas sunt nemo illo. Quod aut est porro est esse sed modi. Commodi et illum ut necessitatibus necessitatibus labore.',1,1,'2020-12-20 16:09:52'),(25,52,12,'Et qui temporibus et dolore aut blanditiis. Atque ducimus earum suscipit aut libero voluptas. Voluptatem voluptas ea quia esse neque et. Minima dicta non suscipit rerum placeat ut.',1,1,'2020-12-20 16:09:52'),(26,4,85,'Sint cumque non voluptatem debitis pariatur nesciunt. At enim quo veniam veritatis possimus molestias laborum. Et est deserunt ea minima. Voluptatum eligendi occaecati sint.',0,1,'2020-12-20 16:09:52'),(27,13,7,'Eius facere voluptatem minima ullam accusantium hic eligendi. Error quo modi impedit corporis. Doloribus commodi aut veniam sapiente qui aliquid sint. Nemo ullam maiores cumque possimus quibusdam autem.',1,0,'2005-08-07 12:20:01'),(28,95,54,'Quaerat non voluptas dolorem. Distinctio earum qui beatae dolore id molestiae. Suscipit dolore cum voluptatem magnam nihil.',0,0,'2003-08-19 05:08:12'),(29,86,65,'Delectus voluptas est nemo provident nostrum. Id quaerat sit odio aspernatur nemo ducimus nihil. Officia repellendus amet similique quas dolorem exercitationem ut dolore.',0,0,'2020-12-20 16:09:52'),(30,69,48,'Et repellat quia quos animi exercitationem sunt. Adipisci delectus veniam facere enim dolore architecto qui. Suscipit velit nobis occaecati. Rerum sapiente aspernatur et delectus.',0,0,'2020-12-20 16:09:52'),(31,33,22,'Labore accusamus et quibusdam dicta corrupti veniam esse. Et suscipit dignissimos itaque ipsa officia omnis excepturi. Eveniet laudantium quo autem assumenda dolorem earum inventore.',1,1,'2020-12-20 16:09:52'),(32,8,73,'Quam cumque eligendi ut asperiores dicta rerum magni esse. Placeat nihil non eius aut aperiam.',0,0,'2020-12-20 16:09:52'),(33,43,95,'Nihil enim rerum praesentium ad. Voluptatem labore facere aut.',0,1,'2009-12-07 17:31:11'),(34,43,33,'Non accusamus ut quo et unde exercitationem tempora. Sunt commodi dolor sequi non inventore. Voluptate laborum eum tempora ut enim laudantium.',0,1,'2010-05-23 02:48:15'),(35,32,62,'Ut aliquam ut et molestiae consequuntur molestias. Deleniti et ducimus modi quis voluptatum a sunt. Nesciunt repellendus dicta ut. Repellendus similique qui rem et.',0,0,'2020-12-20 16:09:52'),(36,13,78,'Voluptas voluptatem cum ipsam animi quo soluta tempore. Amet qui minima debitis eum tenetur enim porro repellat. Nulla error sequi quia doloremque consequuntur est. Est impedit repudiandae qui quis pariatur modi sit eum.',1,0,'2020-12-20 16:09:52'),(37,49,12,'Veniam vel odio sapiente amet ut quaerat dolorum. Praesentium incidunt est sint aut officiis eligendi laboriosam. Enim et minus sed cumque. A voluptatem recusandae eos optio dignissimos magnam dolor.',0,0,'2020-12-20 16:09:52'),(38,12,24,'Nostrum voluptates qui nihil dolores voluptatibus et. Qui et et quo sit. Architecto nesciunt iste mollitia nobis.',0,1,'2020-12-20 16:09:52'),(39,85,50,'Omnis rerum similique est cupiditate totam dolor enim. Perspiciatis aut est consectetur neque reiciendis neque qui ex. Dignissimos ducimus consequatur cum quas deserunt voluptas id.',1,0,'2020-12-20 16:09:52'),(40,94,19,'Possimus placeat consequatur nobis sint dignissimos optio et. Quas esse harum corrupti et nihil reprehenderit. Voluptatem et sed quos pariatur nostrum et sit. Eum sint fugit assumenda non rerum nesciunt. Autem deleniti est blanditiis enim deleniti.',1,0,'2020-12-20 16:09:52'),(41,12,4,'Numquam est voluptas minima ad dolor temporibus tenetur. Qui ut minima consequatur voluptas magni perferendis et. Distinctio amet velit ullam et. Et minus repudiandae est.',0,1,'2020-12-20 16:09:52'),(42,84,5,'Quia dolores magnam quia ullam ad minus. Et in aut aliquam quia perspiciatis. Similique similique repudiandae vel sed voluptas autem.',0,1,'2020-12-20 16:09:52'),(43,76,61,'Voluptatem tempore nemo quos id earum numquam exercitationem. Tenetur et corporis aut consequatur sapiente neque. Enim quasi esse vel qui quidem voluptatum voluptatem.',0,0,'2020-12-20 16:09:52'),(44,80,13,'Autem maxime quisquam voluptas pariatur dolores est. Reiciendis est quaerat nesciunt ut sed consequatur consequuntur vel. Expedita corporis sit rem quibusdam. Ut sit consequuntur quis inventore id in.',1,1,'2020-12-20 16:09:52'),(45,27,95,'Ipsum repellat dolores ut fugiat aut tempore et. Quibusdam dolores eos animi quam praesentium. Tempore molestiae dolor eum quam voluptatibus.',1,1,'2020-12-20 16:09:52'),(46,95,86,'Nulla vel voluptas nihil minus aut aliquid. Sapiente ipsum quia unde omnis et. Harum asperiores id accusamus quia voluptatem.',0,0,'2020-12-20 16:09:52'),(47,47,78,'Rerum quisquam sint praesentium corrupti rerum reprehenderit. Quasi recusandae incidunt qui dolores. Accusantium ducimus nobis voluptatem id mollitia. Earum architecto sint dolorem tempore.',0,1,'2020-12-20 16:09:52'),(48,47,99,'Magni qui qui odio quia numquam quo. Est commodi rerum mollitia modi temporibus vel totam dolorem. Magnam alias ut neque aut mollitia. Minus dolores molestiae veritatis et et.',0,0,'1997-11-01 16:46:35'),(49,55,79,'Alias nesciunt consequatur nobis et perferendis rem aut. Nesciunt optio aut aut dolores et dicta neque voluptatem. Ut quisquam deleniti placeat eaque consequuntur repudiandae. Dolor cum sint quia.',1,1,'2020-12-20 16:09:52'),(50,27,100,'Quis voluptas aspernatur autem aut repellat. Illum qui harum laborum non sed alias voluptate facere. Blanditiis aut quis hic sint incidunt. Ad asperiores qui et et molestiae aliquam. Voluptates et atque possimus voluptatem molestias possimus minima rerum.',0,1,'2020-12-20 16:09:52'),(51,17,83,'Ut molestias illum ea. Ipsum occaecati quasi non voluptatum non quas. Ipsum impedit ex quo aperiam tempora voluptatum quia.',1,0,'2020-12-20 16:09:52'),(52,64,73,'Ut quasi magnam animi magnam voluptate aut. Suscipit aut harum quo quia quia aut soluta. Quis enim repudiandae ut dolorem molestias atque.',1,1,'2020-12-20 16:09:52'),(53,72,38,'Autem consectetur autem aliquam veritatis quis sit. Odit dolorem et nulla omnis. Architecto tempora officiis quia eos.',0,0,'2013-08-01 00:36:16'),(54,76,64,'Ea ipsum nulla quia ipsum sapiente in. Incidunt dolor quod asperiores voluptatem. Qui ut exercitationem tempore quo autem ut. Atque non voluptas et laudantium.',0,1,'2007-03-10 16:15:01'),(55,92,69,'Non temporibus velit omnis autem nulla asperiores incidunt. Autem veniam nesciunt temporibus ea pariatur nihil eius. Et aut repellendus est qui quis. Quam quia tempora eaque ea.',1,1,'2020-12-20 16:09:52'),(56,69,35,'Qui dicta et consectetur perferendis dignissimos. Ut laborum reiciendis est dolorem et delectus ut. Est mollitia adipisci et. Architecto magnam illo dolores voluptate natus. Pariatur facere voluptatem dolor est molestias.',0,0,'2020-12-20 16:09:52'),(57,70,43,'Dignissimos qui quae modi occaecati tempora quia laboriosam. Culpa ullam qui amet aliquid id voluptas dolorem. Dolore nesciunt cumque autem sint. Veniam consequuntur totam et laboriosam inventore rerum et.',1,1,'2020-12-20 16:09:52'),(58,4,89,'In officia et dolores fugit commodi illum qui consequuntur. Ut reiciendis nihil aut in. In et voluptatem culpa tempore ut consequatur velit eligendi.',1,1,'2020-12-20 16:09:52'),(59,35,8,'Iste quasi ut dignissimos ipsam. Eaque et quia aut soluta ut. Atque hic neque aperiam et. Placeat aliquid in molestias odit maiores sit.',0,1,'2020-12-20 16:09:52'),(60,32,36,'Eos et et cumque natus et accusantium. Ut et sunt itaque et ipsam ipsa. Laudantium mollitia autem quas voluptas quia consequatur.',0,1,'2020-12-20 16:09:52'),(61,86,20,'Quas laudantium sunt eaque esse molestias. Illum aut impedit numquam repudiandae explicabo. Ipsam similique neque distinctio veritatis occaecati aspernatur ab.',1,1,'2020-12-20 16:09:52'),(62,42,50,'Dolorum neque voluptatibus consectetur molestias laudantium dolore. Et excepturi nihil cupiditate at voluptatem eum. Quia aut rem provident vel dignissimos. Velit distinctio dignissimos debitis fugit quo assumenda voluptas veritatis.',1,0,'2020-12-20 16:09:52'),(63,25,72,'Sed non repellendus facilis sed repudiandae aspernatur dicta. Eaque doloribus totam doloribus aspernatur earum. Iure enim id accusantium quaerat. Aliquid temporibus autem et doloremque eum aut architecto.',1,0,'2011-01-15 06:19:35'),(64,87,16,'Harum eos iusto et omnis qui. Voluptate molestias soluta laborum aperiam eum. Ea ad iure et cum modi.',1,1,'2020-12-20 16:09:52'),(65,19,47,'Provident corrupti dolorem non amet voluptas et. Quam et suscipit consectetur fuga. Nesciunt sit voluptas sed ipsum.',0,0,'2020-12-20 16:09:52'),(66,78,49,'In ipsa itaque perferendis ipsa. Aut doloremque repudiandae et sed. Sed natus placeat mollitia nulla voluptates illum fugiat minus.',0,0,'2020-12-20 16:09:52'),(67,8,94,'Eligendi voluptas repellat impedit officiis sunt id. Sequi quia laboriosam nisi voluptates enim. Amet iusto quas quia voluptatem ipsum ut in velit.',1,1,'2020-12-20 16:09:52'),(68,46,47,'Ducimus autem nihil sunt. Et voluptas voluptatem unde quia quas. Dicta quos rerum consequatur sapiente rerum. Ullam consequuntur quidem consequatur ab laudantium omnis. Saepe qui et maiores sint tempora.',1,0,'2020-12-20 16:09:52'),(69,95,35,'Beatae delectus dolorem a earum. Non rerum rerum commodi ut et. Eum sit laborum voluptatem voluptatem placeat officia.',0,0,'2011-09-19 18:41:06'),(70,90,44,'Repellat earum est libero dolorem et autem maiores. Accusantium cum autem voluptas consequuntur consequatur est occaecati. Consectetur velit ipsam dolorum nihil nemo.',0,0,'2020-12-20 16:09:52'),(71,48,8,'Repellat et facilis est enim amet fugiat et. Quaerat nihil ut magni saepe ex ut. Porro excepturi fugiat ratione eum. Corrupti iusto tempora officia corrupti odio.',0,1,'2020-12-20 16:09:52'),(72,96,57,'Non vel voluptatem dolores ut omnis. Omnis quas sit hic. Enim ipsum ab eveniet est sequi placeat nihil. Et optio non aliquid quia hic aut.',1,0,'2015-05-22 13:06:16'),(73,95,6,'Et quia minus consequuntur. Deleniti officiis ut quia consequatur. Autem voluptatum delectus voluptate dolorem id.',1,0,'2002-08-30 16:34:02'),(74,41,89,'Corporis cumque consequatur qui veniam deleniti aut nisi ipsum. Officiis vel beatae similique.',1,0,'2020-12-20 16:09:52'),(75,20,32,'Quia voluptatem eos blanditiis libero eligendi. Quia aut atque consequatur quia officiis iste. Quis numquam harum non sequi dolores quia quia. Ea aut rem et voluptatibus perspiciatis.',1,0,'2020-12-20 16:09:52'),(76,2,11,'Sunt praesentium quia molestiae vero eum. Nisi aut exercitationem cum ducimus natus et doloribus. Dolor dolor eligendi ut et accusamus adipisci omnis.',0,1,'2020-12-20 16:09:52'),(77,48,6,'Omnis sed totam dolorem praesentium soluta consectetur temporibus qui. Nihil nesciunt facere tempora enim velit quasi. Doloribus voluptatibus aspernatur adipisci nobis assumenda autem.',1,1,'2020-12-20 16:09:52'),(78,86,10,'Quasi autem animi esse eos dolor exercitationem voluptatem sequi. Sunt ea dolore cupiditate minus quia. Quidem ex a incidunt cumque autem. Quasi facere dolorum magni. Eius deserunt aut tempore sunt.',0,0,'2020-12-20 16:09:52'),(79,92,32,'Veritatis ipsam voluptate possimus voluptatem. Est quis et consequatur ea. Ad explicabo sint blanditiis quod occaecati. Illo enim cum id vero at sint.',0,1,'2020-12-20 16:09:52'),(80,83,16,'Soluta fugiat molestiae voluptatem beatae quibusdam esse. Dolor soluta exercitationem sed et ut doloremque. Adipisci molestias in dolorem hic at minus optio. Enim pariatur magnam aut vero.',0,0,'2003-10-08 12:14:02'),(81,32,11,'Odit dolorem dolor velit illum consequatur aut consequatur. Qui animi earum qui deleniti sequi explicabo enim minus. Aliquam voluptates non odio alias facilis.',1,0,'2020-12-20 16:09:52'),(82,59,62,'Quo repudiandae quia sequi sit inventore libero nisi. Deserunt laboriosam amet quos eos. Rerum optio modi ipsum eaque aut impedit.',0,1,'2020-12-20 16:09:52'),(83,30,65,'Voluptatem ab mollitia nam ipsum nesciunt voluptatem culpa hic. Labore est quam sunt veniam. Praesentium sed inventore repellat et qui minus corrupti quidem. Dolorem dicta sint expedita nulla.',0,1,'2020-12-20 16:09:52'),(84,34,76,'Soluta necessitatibus porro aliquid eum consequuntur inventore et. Delectus corporis qui consequatur est ducimus aliquam. Officiis itaque non minus asperiores molestiae ipsum praesentium. Nulla distinctio labore sit unde est.',0,0,'2015-04-01 05:53:23'),(85,77,57,'Eos quasi qui quia laboriosam minima. Et voluptate sint perspiciatis qui neque omnis molestiae laborum. Quia deleniti qui molestias et blanditiis dolor iste. Praesentium ut deserunt nihil tenetur.',1,0,'2018-12-05 03:12:30'),(86,52,87,'Qui omnis quia qui aliquam inventore est aliquid consequatur. Nam dolorum aut consequuntur corrupti adipisci est. Velit quis commodi qui dolor eos. Nam sapiente quod consequatur est dolor.',1,0,'2020-12-20 16:09:52'),(87,81,42,'Sapiente quidem fugiat sint. Dolorum id culpa nisi aperiam natus dolores non.',0,0,'1998-05-17 08:17:35'),(88,68,15,'Voluptas et quia libero sed saepe. Ipsum voluptas cumque molestiae dignissimos officia. Minima nemo qui quia numquam sed velit veniam. Voluptatem temporibus incidunt est reprehenderit quia.',1,1,'2010-03-31 07:45:45'),(89,68,95,'Aspernatur officia quo commodi eum omnis harum dolorum. Qui cumque quos dolorem facere.',0,0,'2013-10-05 00:03:38'),(90,71,71,'Maiores ea iste eaque quia in consequatur labore incidunt. Expedita non quam aut quia ullam. Fugiat non veritatis et harum. Incidunt cupiditate quos et et dolorum itaque facilis. Illum voluptatem quia consequuntur in quam.',1,0,'2020-10-08 13:48:42'),(91,39,82,'Consectetur maiores a adipisci non assumenda dignissimos est. Expedita eos ipsa corrupti velit dolores. Assumenda et eligendi fuga hic laudantium perspiciatis harum. Magnam error qui quae et autem.',1,0,'2020-12-20 16:09:52'),(92,91,10,'Perspiciatis laboriosam est quo ut. Vero ut error doloribus rerum consequatur. Rerum vitae nihil et rerum et quia. Cumque asperiores reiciendis temporibus autem eius.',1,1,'2020-12-20 16:09:52'),(93,76,50,'A distinctio mollitia voluptas beatae reprehenderit sed. Commodi reprehenderit repudiandae similique incidunt iure autem similique. Quia corporis sapiente beatae consequatur aut dicta harum et.',1,1,'2020-12-20 16:09:52'),(94,21,57,'Vel eligendi in est voluptatem eveniet fuga facilis. Iusto voluptates doloremque molestiae qui quia deserunt sed.',0,1,'2020-12-20 16:09:52'),(95,18,21,'Porro rerum ducimus beatae maiores ea occaecati. Doloribus quos ipsam qui. Et harum et dolores minima. Labore quasi a possimus quo vel.',1,0,'2020-12-20 16:09:52'),(96,51,93,'Corrupti ut dolor aperiam id quia placeat. At maxime ut deserunt nesciunt ipsam libero facilis et. Neque mollitia at maxime error quod veritatis odit. Id facilis quo enim sint quod.',1,0,'2020-12-20 16:09:52'),(97,8,64,'Dolores aspernatur ut dolor est non aliquam. Voluptatibus rem minima quam.',0,0,'2020-12-20 16:09:52'),(98,94,75,'Sapiente eligendi repellat rerum deserunt aperiam laborum soluta culpa. Laborum facere ipsa vitae in dignissimos est. Voluptatum qui modi error ullam commodi optio. Excepturi dolor consequuntur et et aut quidem voluptatem.',0,1,'2020-12-20 16:09:52'),(99,96,53,'Dicta et voluptatem consequatur molestiae. Necessitatibus quo explicabo sint praesentium necessitatibus asperiores fuga. Provident blanditiis voluptatem animi enim. Quo ducimus pariatur pariatur. Sequi excepturi nulla qui nostrum doloremque et quam.',0,0,'2017-05-19 04:09:03'),(100,75,19,'Omnis magnam accusantium nisi commodi fugit quidem. Facilis neque sint commodi quo. Reiciendis exercitationem voluptatem aut neque quis autem itaque laudantium. Quia rerum quos et iusto in.',0,0,'2020-12-20 16:09:52');
/*!40000 ALTER TABLE `messages` ENABLE KEYS */;
UNLOCK TABLES;

--
-- Table structure for table `posts`
--

DROP TABLE IF EXISTS `posts`;
/*!40101 SET @saved_cs_client     = @@character_set_client */;
/*!50503 SET character_set_client = utf8mb4 */;
CREATE TABLE `posts` (
  `id` int unsigned NOT NULL AUTO_INCREMENT,
  `user_id` int unsigned NOT NULL,
  `community_id` int unsigned DEFAULT NULL,
  `head` varchar(255) CHARACTER SET utf8mb4 COLLATE utf8mb4_unicode_ci DEFAULT NULL,
  `body` text CHARACTER SET utf8mb4 COLLATE utf8mb4_unicode_ci NOT NULL,
  `media_id` int unsigned DEFAULT NULL,
  `is_public` tinyint(1) DEFAULT '1',
  `is_archived` tinyint(1) DEFAULT '0',
  `created_at` datetime DEFAULT CURRENT_TIMESTAMP,
  `updated_at` datetime DEFAULT CURRENT_TIMESTAMP ON UPDATE CURRENT_TIMESTAMP,
  PRIMARY KEY (`id`),
  KEY `posts_user_id_fk` (`user_id`),
  KEY `posts_community_id_fk` (`community_id`),
  KEY `posts_media_id_fk` (`media_id`),
  CONSTRAINT `posts_community_id_fk` FOREIGN KEY (`community_id`) REFERENCES `communities` (`id`) ON DELETE CASCADE,
  CONSTRAINT `posts_media_id_fk` FOREIGN KEY (`media_id`) REFERENCES `media` (`id`) ON DELETE SET NULL,
  CONSTRAINT `posts_user_id_fk` FOREIGN KEY (`user_id`) REFERENCES `users` (`id`) ON DELETE CASCADE
) ENGINE=InnoDB AUTO_INCREMENT=101 DEFAULT CHARSET=utf8mb4 COLLATE=utf8mb4_unicode_ci;
/*!40101 SET character_set_client = @saved_cs_client */;

--
-- Dumping data for table `posts`
--

LOCK TABLES `posts` WRITE;
/*!40000 ALTER TABLE `posts` DISABLE KEYS */;
INSERT INTO `posts` VALUES (1,15,NULL,'zqzt','Assumenda saepe fuga optio aut voluptatem fugit. Quae dolores atque sint ab qui. Tenetur dolores vitae praesentium sed magnam culpa. Ducimus quo quo laborum corporis quam vero quidem.',15,1,0,'2007-12-08 10:38:10','2021-01-12 19:52:26'),(2,68,NULL,'zhju','Id ipsum sed provident est fugiat quis. Velit dolorem nemo inventore veritatis.',NULL,1,0,'2021-01-12 18:50:07','2021-01-12 19:55:06'),(3,31,NULL,'sbux','Officiis repellendus vel quas et. Sint quo qui id et praesentium vitae. Voluptatem molestias sed fuga repudiandae.',80,1,0,'2021-01-12 18:50:07','2021-01-12 19:52:26'),(4,43,9,'yrrp','Quaerat labore labore nihil unde. Quis eos in cumque eveniet sapiente numquam neque corrupti. Quibusdam fugiat possimus sed recusandae. Laborum ut iusto placeat delectus. Sed porro saepe aspernatur qui voluptas beatae.',NULL,1,1,'2021-01-12 18:50:07','2021-01-12 19:55:06'),(5,24,22,'yiwu','Asperiores voluptas et explicabo vel et est. Inventore delectus fuga odio labore.',NULL,1,0,'2021-01-12 18:50:07','2021-01-12 19:55:06'),(6,49,NULL,'zgvg','Qui rerum et sequi molestiae nisi deleniti ratione. Commodi officiis atque dolorem quod distinctio ex. Et placeat quia omnis enim minima quibusdam.',NULL,1,0,'2012-10-12 15:51:12','2021-01-12 19:55:06'),(7,99,22,'qpew','Est ullam dignissimos assumenda odit. Voluptatem sunt officiis nesciunt ab quo velit incidunt. Perspiciatis laudantium blanditiis perferendis est aut.',7,0,1,'1998-11-24 07:47:52','2021-01-12 18:51:18'),(8,39,17,'gevk','Dolorem sit voluptatem et voluptatem totam tempora. Enim non illo occaecati qui similique velit consequuntur. Voluptatem et nostrum eum molestiae dicta.',55,1,0,'2021-01-12 18:50:07','2021-01-12 18:50:07'),(9,71,NULL,'xtdc','Et ex minus doloremque molestiae deserunt. Aspernatur architecto et fugiat et rerum doloremque totam. Neque cumque sit numquam nihil atque omnis. Vel molestiae ad et aspernatur voluptas. Labore et debitis laudantium.',58,1,0,'2021-01-12 18:50:07','2021-01-12 19:52:26'),(10,68,NULL,'niry','Itaque totam quia eum et aut. Quo alias ipsum porro et. Neque incidunt voluptas doloremque nulla et.',NULL,1,0,'1999-01-12 12:05:28','2021-01-12 19:55:06'),(11,17,22,'dwzs','Eum in sed in non suscipit asperiores harum error. Mollitia aut accusamus iure facere fugiat. Nam ut porro maiores enim a id a. Non omnis et nam qui enim illum dolores.',NULL,1,0,'2021-01-12 18:50:07','2021-01-12 19:55:06'),(12,47,NULL,'mavn','Nam expedita dolorem reiciendis error. Tempore sed tempore repellat omnis. Repudiandae voluptas modi minus.',NULL,1,0,'2010-01-19 02:55:03','2021-01-12 19:55:06'),(13,7,16,'lebj','Odio vero voluptas iste architecto laboriosam in. Voluptatum ut rerum excepturi et nihil id quia. Dolor id unde maxime.',NULL,1,0,'2021-01-12 18:54:59','2021-01-12 19:55:06'),(14,87,NULL,'jmon','Quia quia delectus est deserunt et. Dolores ad voluptas minus eius. Iusto cupiditate voluptatum porro laudantium. Itaque omnis sapiente dignissimos ad.',79,1,0,'2021-01-12 18:50:07','2021-01-12 19:52:26'),(15,10,NULL,'zmck','Dolore aut qui qui. Sint sit eum eum vero soluta. Sed suscipit corporis est omnis dolores. Molestias quidem quia dolores neque sit.',53,1,0,'2021-01-12 18:50:07','2021-01-12 19:52:26'),(16,92,17,'spmx','Architecto consequuntur quia sint facilis. Quod omnis adipisci iusto ut non aut repellendus. Sunt laborum est dignissimos dolorum dolore amet laboriosam.',70,0,0,'2021-01-12 18:50:07','2021-01-12 18:50:07'),(17,53,NULL,'awuc','Ut eum illo ut commodi quaerat. Saepe autem dignissimos quibusdam culpa. Repellat dolorem ab a eligendi. Porro iure sapiente laboriosam sed veniam omnis. Et omnis qui ipsam aut modi assumenda.',NULL,1,0,'2021-01-12 18:50:07','2021-01-12 19:55:06'),(18,57,NULL,'mtxc','Rerum consectetur autem libero praesentium. Et assumenda ea earum enim assumenda blanditiis. Maxime in rerum suscipit veritatis est.',NULL,1,0,'2021-01-12 18:50:07','2021-01-12 19:55:06'),(19,94,NULL,'svdp','Cumque necessitatibus odit sed earum sequi sed. Officiis quam temporibus provident. Tempora consequatur dolore et eius non pariatur.',NULL,1,0,'2021-01-12 18:50:07','2021-01-12 19:55:06'),(20,67,NULL,'fwvv','Quia eaque est quaerat minima corporis. Officiis similique repellat odio deleniti. Dolor possimus nam ut doloremque aperiam et dolor.',NULL,1,1,'2021-01-12 18:50:07','2021-01-12 19:55:06'),(21,34,NULL,'sxmm','Aliquam nobis vel nisi. Velit deleniti et eum nam. Nisi non nam dolores ex perspiciatis eum enim.',33,1,0,'1989-09-12 18:34:41','2021-01-12 19:52:26'),(22,11,22,'pxre','Non neque doloremque expedita non ut vel. Doloribus aut ut ab dolore beatae sed et. Optio consequatur nobis dolorem ut asperiores.',59,1,0,'2021-01-12 18:50:07','2021-01-12 18:50:07'),(23,98,7,'xwoe','Accusamus est natus qui tempora aut cumque. Non maxime doloribus ut dolor autem pariatur. Fugit voluptatem officia cumque enim. Quam veniam iusto commodi est dolores sed perspiciatis.',35,1,0,'2021-01-12 18:50:07','2021-01-12 18:50:07'),(24,97,NULL,'xagj','Quisquam autem quas quia sed nemo sed atque. Suscipit et atque enim quis et maxime et. Officia ut quas corporis reiciendis cupiditate repellat. Qui ut a consequatur dolores sequi.',NULL,1,0,'2021-01-12 18:50:07','2021-01-12 19:55:06'),(25,22,NULL,'cldl','Facere ratione ipsum aspernatur earum quia rerum. Eius quo delectus ut sed possimus ut. Et non tempore omnis qui voluptas. Illum inventore autem et id quae. Eum voluptatem facilis provident iusto aut nostrum repellendus.',5,1,0,'2021-01-12 18:50:07','2021-01-12 19:52:26'),(26,87,15,'wdqi','Omnis sint laborum aut ut aspernatur voluptatibus aut. Sapiente omnis voluptatem facilis rerum aliquam nemo. Voluptatem impedit sapiente ratione nostrum. Tempore eligendi repellendus quod voluptas velit.',NULL,1,0,'2021-01-12 18:50:07','2021-01-12 19:55:06'),(27,76,NULL,'uchj','Ut dolor harum voluptate itaque quia. Eius odio culpa facilis velit. Fuga ut itaque omnis ipsum et est. Occaecati sed nulla occaecati.',NULL,1,1,'2019-11-22 07:44:23','2021-01-12 19:55:06'),(28,28,20,'xabz','Provident enim nobis amet. Recusandae aut labore cupiditate eveniet fuga et. Vel natus perspiciatis alias tempore vero. Doloribus est magnam tenetur nesciunt.',24,1,0,'2021-01-12 18:50:07','2021-01-12 18:50:07'),(29,62,18,'dusi','Dolores at aut iure velit id. Eius maxime ullam sed facere neque nam. Dignissimos voluptas quidem nobis perspiciatis recusandae rerum consequatur.',67,1,0,'2021-01-12 18:50:07','2021-01-12 18:50:07'),(30,72,NULL,'fqva','Pariatur dolorum harum praesentium enim. Ab illo facilis magnam optio est totam. Magnam aspernatur molestiae quaerat est delectus iste. Distinctio officiis dolorem quam. Repellat omnis rerum dignissimos earum.',NULL,0,0,'2021-01-12 18:50:07','2021-01-12 19:55:06'),(31,1,12,'iynd','Ipsam ut nulla harum et eos suscipit et. Qui quo occaecati natus tenetur architecto inventore velit. Eos consequatur et illum officia.',NULL,1,0,'2021-01-12 18:50:07','2021-01-12 19:55:06'),(32,64,NULL,'cnqe','Nostrum labore placeat qui iure est accusantium adipisci. Odio ea enim nam magni nihil aut velit. Eum doloribus soluta asperiores qui sint officiis sed repudiandae.',NULL,1,0,'2016-05-12 05:49:13','2021-01-12 19:55:06'),(33,2,NULL,'uqzk','Aut iusto possimus ullam dolorem dolorem. Aliquam in dolor aut voluptatum reiciendis ullam. Saepe praesentium sint quia quisquam.',NULL,1,0,'2021-01-12 18:50:07','2021-01-12 19:55:06'),(34,52,24,'bheq','Natus eum iusto rerum non natus id non. Nam non quia dolores deserunt quia dicta dolores sapiente. Nam explicabo suscipit nemo.',NULL,1,0,'2021-01-12 18:50:07','2021-01-12 19:55:06'),(35,100,18,'nzlt','Esse inventore vel et rerum odit. Omnis non ullam eos non quam veritatis. Et sint pariatur illum unde facilis commodi iste. Commodi et autem dolorem enim id voluptatum.',NULL,0,0,'2021-01-12 18:50:07','2021-01-12 19:55:06'),(36,88,NULL,'rwtq','Illo est iusto asperiores. Debitis odit quae assumenda cupiditate nulla suscipit tenetur accusantium. Et perferendis ipsam quisquam expedita fuga harum sit. Molestiae quisquam et assumenda quae consequatur saepe.',NULL,1,0,'2021-01-12 18:50:07','2021-01-12 19:55:06'),(37,4,18,'bchq','Veniam consequuntur nulla dignissimos nobis quae voluptatum ratione. Autem cum enim quod consequuntur. Ab cupiditate ut eum deleniti voluptates ullam illo.',NULL,1,0,'2021-01-12 18:50:07','2021-01-12 19:55:06'),(38,45,1,'bgni','Ab earum mollitia ut illo et. Sed officiis fuga iusto eveniet. Mollitia modi sit ut quia at.',96,1,0,'2021-01-12 18:50:07','2021-01-12 18:50:07'),(39,13,NULL,'bbbc','Eum at expedita tempore minus animi. Iusto dolor deserunt culpa quisquam consequatur impedit est. Harum illum animi rerum. Accusantium dolore officia quo id.',48,1,0,'2021-01-12 18:50:07','2021-01-12 19:52:26'),(40,27,22,'xdwi','At consequatur sit officiis quis dolor sit corporis quis. Officiis dignissimos voluptas unde dignissimos ex. Aut aut commodi non officia sit illo voluptas. Eligendi distinctio sunt corrupti et. Ab et et quasi et aut ut.',NULL,1,0,'2021-01-12 18:50:07','2021-01-12 19:55:06'),(41,94,NULL,'ekgp','Quibusdam eum ut amet corrupti qui. Ut est aut voluptatem qui dolorum ad. Consequatur nihil suscipit rem. Nisi ut voluptatem non sed incidunt quidem.',66,0,0,'2021-01-12 18:50:07','2021-01-12 19:52:26'),(42,21,NULL,'xchr','Ducimus numquam dolores eos consequatur est nemo molestias. Molestiae quis impedit sit eaque ipsum voluptate. At molestiae nihil corrupti maiores dolorum sapiente corporis. Aut quos quis ut et enim qui odio in. Accusantium molestiae dolore quam.',NULL,1,0,'2021-01-12 18:50:07','2021-01-12 19:55:06'),(43,61,NULL,'hjkg','Neque fugiat necessitatibus unde omnis. Eligendi quae minus velit ducimus reiciendis hic. Consequatur soluta quo facere unde sit. Quidem aspernatur consectetur quia perferendis dolore pariatur rerum esse.',70,1,0,'2021-01-12 18:50:07','2021-01-12 19:52:26'),(44,77,24,'dbly','Eaque et et autem aliquid dolorem sed. Eum consequatur repellat neque deserunt ex illo dolores. Adipisci quos natus eaque autem. Aliquam modi cum assumenda.',19,0,0,'2021-01-12 18:50:07','2021-01-12 18:50:07'),(45,81,NULL,'uxje','Omnis maxime omnis et ut et corrupti commodi. Dolor incidunt autem tenetur placeat neque maxime consectetur. Ducimus molestias amet et corrupti.',NULL,1,0,'2021-01-12 18:50:07','2021-01-12 19:55:06'),(46,57,NULL,'hana','Ut similique dolores veritatis corporis in eligendi. Tempora sed dicta voluptas voluptatem maxime cum vel. Itaque quaerat dignissimos distinctio veritatis est exercitationem esse.',NULL,1,0,'2021-01-12 18:50:07','2021-01-12 19:55:06'),(47,47,12,'uqyr','Iste fuga aut voluptatem et molestiae placeat rerum. Id culpa eum quaerat autem rerum. Reiciendis voluptatem ea exercitationem culpa voluptatibus.',NULL,1,0,'2004-03-27 02:37:30','2021-01-12 19:55:06'),(48,45,11,'bkyf','Rem sint voluptas similique odit ea quia exercitationem id. Molestiae quaerat enim quasi laudantium sunt ratione laudantium. Dolores quisquam sit inventore ipsum.',NULL,1,0,'2021-01-12 18:50:07','2021-01-12 19:55:06'),(49,75,6,'klkj','Et rerum sit minima quasi enim quibusdam at. Molestiae modi quia eligendi voluptas qui et minus et. Inventore dignissimos dolorem ut repellat. Tenetur ut eius sint aut distinctio. Ut dolores nihil ratione doloribus.',95,1,0,'2021-01-12 18:50:07','2021-01-12 18:50:07'),(50,20,24,'hped','Ratione est eaque et enim ut provident. Commodi debitis ratione at omnis. Qui omnis rerum non eum quaerat.',94,1,0,'2021-01-12 18:50:07','2021-01-12 18:50:07'),(51,14,NULL,'hera','Laborum et quidem eos magni praesentium sed eos. Quia rerum quasi neque blanditiis dolorem. Eum ipsum vel repellat autem eius eum placeat non. Voluptas ea perferendis est explicabo facilis nobis nisi.',43,0,0,'2021-01-12 18:50:07','2021-01-12 19:52:26'),(52,39,NULL,'dpkl','Est est tenetur deleniti non blanditiis et quaerat. Unde ad enim totam magni et voluptatem voluptate nihil. Sunt laborum hic eos est voluptas nobis odit.',NULL,1,0,'2021-01-12 18:50:07','2021-01-12 19:55:06'),(53,8,25,'jhbf','Quibusdam quia laboriosam omnis et magnam. Et non voluptas repudiandae sit necessitatibus non. Repudiandae nesciunt est dolores qui.',NULL,1,0,'2021-01-12 18:50:07','2021-01-12 19:55:06'),(54,63,NULL,'sayb','Vero commodi sequi excepturi quibusdam exercitationem qui et facilis. Voluptatibus eligendi id alias fugiat ipsum quo quidem.',88,0,0,'2021-01-12 18:50:07','2021-01-12 19:52:26'),(55,21,NULL,'jnax','Illo consequatur corrupti et at dolorem reiciendis exercitationem consequatur. Maxime dolores dolor consectetur dolorem. Velit ipsa illo suscipit quaerat quod placeat consequatur rerum. Culpa libero eligendi saepe voluptatibus tenetur.',NULL,1,0,'2021-01-12 18:50:07','2021-01-12 19:55:06'),(56,46,16,'opgk','Iste repellat quibusdam voluptatem quae a ipsa inventore. Dicta similique dolore fugit voluptatem nostrum aspernatur consequatur. Aperiam incidunt aut id et quaerat repellendus laborum.',NULL,1,0,'2021-01-12 18:50:07','2021-01-12 19:55:06'),(57,42,1,'mobj','Ad eum maiores officiis. Dicta commodi tempora ab deserunt omnis et eligendi. In omnis voluptas necessitatibus sit quia fugiat.',4,1,0,'2021-01-12 18:50:07','2021-01-12 18:50:07'),(58,74,NULL,'rrke','Ut explicabo totam assumenda vel. Et accusamus velit aliquam.',NULL,1,0,'2010-03-04 15:42:47','2021-01-12 19:55:06'),(59,57,13,'nkbx','Suscipit qui corrupti quam expedita reiciendis debitis tempora. Rerum accusamus unde ex nemo ipsum vitae itaque. Eos ad deleniti sequi. Accusamus sunt nobis dolore officia voluptas dolores. Eos vel odit neque omnis.',97,1,0,'2021-01-12 18:54:59','2021-01-12 18:54:59'),(60,35,NULL,'eebk','Eum aspernatur animi recusandae ut. Cum dolores asperiores porro deserunt et libero. Ex suscipit saepe fugiat placeat ut esse animi. Et omnis enim aut sunt.',82,1,0,'2021-01-12 18:50:07','2021-01-12 19:52:26'),(61,92,23,'htft','Quae magnam placeat quae quis odit quibusdam. Possimus corrupti quos soluta omnis labore. Fuga exercitationem et sed expedita modi nulla est veniam. Ut aut deserunt ipsum maiores. Et ut itaque voluptas vitae quas non est dolorem.',NULL,0,0,'2021-01-12 18:50:07','2021-01-12 19:55:06'),(62,67,NULL,'xzkj','Eius ut maiores molestiae voluptatem iure. Autem nemo placeat in et. Velit exercitationem nihil maiores architecto sapiente et.',NULL,1,0,'2021-01-12 18:50:07','2021-01-12 19:55:06'),(63,92,NULL,'rrkg','Delectus veritatis sint sapiente recusandae. Commodi facere quod eaque blanditiis rerum veritatis. Officia ea maxime praesentium quisquam animi voluptatem labore. Id aut beatae error esse libero neque impedit. Consequatur voluptates voluptates est aliquid quam nesciunt aut et.',94,1,0,'2021-01-12 18:50:07','2021-01-12 19:52:26'),(64,30,9,'aonn','Non ab rem numquam qui voluptates. Suscipit assumenda fugiat vel quisquam quis perferendis. Quod eos beatae voluptate nostrum minima. Sed ipsum dolores minus deserunt facere facere et qui.',30,1,0,'2021-01-12 18:50:07','2021-01-12 18:50:07'),(65,95,NULL,'mlcy','Provident vero sed quia. Quidem dolor aut quod neque voluptatem. Molestiae eum et molestiae consequuntur rerum eos ut sed. Ad minus repudiandae est molestiae nobis. Ipsum amet sunt qui voluptas omnis dolorem.',NULL,1,0,'2013-05-21 14:04:57','2021-01-12 19:55:06'),(66,79,NULL,'hhfi','Sed fugiat et in. Enim et fuga aperiam magnam temporibus aut. Quidem et maiores vel voluptatem minima quo ipsam.',NULL,1,0,'2021-01-12 18:50:07','2021-01-12 19:55:06'),(67,76,NULL,'btjo','Expedita tenetur ducimus eius. In et necessitatibus ullam provident voluptas. Officiis accusantium sed quia unde sunt.',NULL,1,0,'2021-01-12 18:50:07','2021-01-12 19:55:06'),(68,59,5,'ewfj','Soluta ut est atque expedita aut rerum. Distinctio ut et quod autem quae culpa.',59,1,0,'2021-01-12 18:50:07','2021-01-12 18:50:07'),(69,1,NULL,'zbgn','Quos sit non asperiores ea numquam ipsum veritatis. Quo alias ipsum laudantium facilis neque. Nemo similique rerum soluta rerum. Enim et impedit quibusdam ut et sapiente.',NULL,0,0,'2021-01-12 18:50:07','2021-01-12 19:55:06'),(70,20,NULL,'xaaq','Quis maiores et minus aut sed mollitia omnis. Qui incidunt aliquid cupiditate a hic ullam animi. Ut minima molestiae et voluptas. Sunt delectus atque nisi sit aliquam.',81,1,0,'2021-01-12 18:50:07','2021-01-12 19:52:26'),(71,17,NULL,'owta','Modi est atque iusto cum beatae. Et in unde deleniti hic. Ad consequatur mollitia incidunt quam eos temporibus. Et omnis quasi dolorum tenetur rem.',93,1,0,'2021-01-12 18:50:07','2021-01-12 19:52:26'),(72,91,23,'nmzd','Eveniet dolorem nobis et eos omnis quia ut molestiae. Consequatur officia aut porro accusamus. Autem repellendus consectetur modi consequatur. Sit placeat vel et eveniet enim et amet. Provident et sequi omnis.',NULL,1,0,'2021-01-12 18:50:07','2021-01-12 19:55:06'),(73,67,NULL,'apnv','Corporis aut omnis in. Quae quasi est qui mollitia consequatur voluptas dolor. Perferendis delectus repudiandae consectetur voluptatem aut eum voluptatum.',NULL,1,0,'2021-01-12 18:50:07','2021-01-12 19:55:06'),(74,53,NULL,'rfcv','Est neque similique reprehenderit. Et et illo et nulla odit enim est. Expedita esse et eius cupiditate laudantium quo. Voluptatem fugit fuga omnis maxime. Et aliquid reiciendis quibusdam itaque explicabo et incidunt enim.',NULL,1,0,'2021-01-12 18:50:07','2021-01-12 19:55:06'),(75,70,NULL,'mqwk','Dolorem at assumenda reprehenderit nemo delectus repudiandae quia. Enim sunt quia labore quod consectetur neque. Alias tenetur omnis fugit cumque architecto ut.',NULL,1,0,'2021-01-12 18:50:07','2021-01-12 19:55:06'),(76,65,21,'sqwc','Quia accusantium odit eaque et. Fugiat impedit ducimus id quia beatae. Sunt enim voluptatem nostrum quae et. Omnis ipsum ut non sed quidem harum.',99,1,0,'2021-01-12 18:50:07','2021-01-12 18:50:07'),(77,25,NULL,'yvgc','Fugit enim quae dicta quaerat est sint. Ex animi tempore nihil voluptatem. Natus nobis iste asperiores aut.',NULL,1,0,'1983-02-12 19:22:47','2021-01-12 19:55:06'),(78,10,NULL,'ukni','Non molestiae eos dolor voluptatem aliquam. Ut aut eos dolores adipisci quidem officiis.',NULL,1,0,'2021-01-12 18:50:07','2021-01-12 19:55:06'),(79,89,1,'byuh','Dolores porro in omnis natus rem. Aperiam tenetur amet voluptatem aut. Sapiente molestiae dolorem quos quidem dicta rerum distinctio iste.',NULL,1,1,'2021-01-12 18:50:07','2021-01-12 19:55:06'),(80,21,25,'sesa','Libero accusamus sit saepe est voluptas eius. A molestiae fugit laborum consectetur. Voluptatem ea illo et ut vel autem totam et. In minima sequi est doloribus.',79,1,0,'2021-01-12 18:50:07','2021-01-12 18:50:07'),(81,63,10,'dmgd','Vel consequuntur qui non at. Omnis fugit sed quasi quidem quasi. Ut quia ut consectetur a ipsum ut nihil quae.',23,1,0,'2021-01-12 18:50:07','2021-01-12 18:50:07'),(82,62,NULL,'pgih','Suscipit consequatur voluptatem natus cum accusantium. Veniam aliquam quisquam et incidunt eos ea. Officiis neque magni nihil voluptatem.',71,1,0,'2021-01-12 18:50:07','2021-01-12 19:52:26'),(83,10,NULL,'zgnh','Consectetur consequuntur eveniet est sapiente velit velit id. Voluptas quo quo iure eos. Asperiores dignissimos aperiam consequatur nihil similique. Autem sequi dolorem qui facilis repellat.',NULL,1,1,'2020-11-03 14:18:57','2021-01-12 19:55:06'),(84,74,21,'ymmr','Assumenda accusantium eveniet dolor nobis iure et. Nisi voluptas adipisci laboriosam minus molestiae delectus quod. Officia libero quaerat officiis.',NULL,1,0,'2003-10-11 14:11:28','2021-01-12 19:55:06'),(85,96,20,'uazz','Molestias tenetur magnam provident illo asperiores beatae quis. Tempora aut aut vitae ut nemo blanditiis voluptate. Hic veritatis et sit animi labore iusto. Repellat voluptatem a voluptatem.',54,1,0,'2021-01-12 18:50:07','2021-01-12 18:50:07'),(86,31,NULL,'qwff','Quia commodi aut esse tempore accusamus adipisci cupiditate. Sunt ea quo expedita eius veritatis beatae. Eos voluptatibus aut aut autem incidunt.',NULL,1,0,'2021-01-12 18:50:07','2021-01-12 19:55:06'),(87,55,NULL,'tbvr','Fugiat alias molestiae consequatur ipsam nam voluptates recusandae. Possimus occaecati optio error. Aspernatur laborum impedit dolorem cumque.',NULL,1,0,'2021-01-12 18:50:07','2021-01-12 19:55:06'),(88,6,12,'xpil','Eius harum nisi tempora quis corporis. Eaque officia nisi qui dolorum. Ad possimus dolorem maxime quis saepe.',45,1,0,'2003-12-10 04:59:24','2021-01-12 18:51:18'),(89,84,7,'wlhk','Cumque magni voluptas enim cupiditate perferendis eius. Et quia ab aliquam quaerat inventore. Illo maiores aut dolor praesentium adipisci voluptates quaerat. Sunt rerum deserunt ut quod repudiandae et. Cumque ea nulla fugiat perferendis et.',73,1,0,'2021-01-12 18:50:07','2021-01-12 18:50:07'),(90,62,NULL,'xypw','Animi sapiente sunt quo. Velit recusandae assumenda rerum qui. Officia quos autem quia rerum nam. Corrupti odio ut at nulla atque cumque voluptatum.',NULL,1,0,'2021-01-12 18:50:07','2021-01-12 19:55:06'),(91,18,14,'tcbl','Voluptatem quam aut laborum sunt qui omnis. Atque illum voluptatum quos et nam sunt. Esse deleniti accusamus aperiam dolorum delectus. Aut quod nam temporibus aut.',NULL,0,0,'2020-03-04 00:22:40','2021-01-12 19:55:06'),(92,68,NULL,'fldw','Unde est voluptatum praesentium eveniet ea culpa. Ut aut pariatur totam saepe molestias facilis dolorum. Aliquam quasi ex laudantium tempore qui. Qui distinctio qui et ad sed et sit.',74,1,0,'2017-06-02 05:48:34','2021-01-12 19:52:26'),(93,10,NULL,'zrjy','Asperiores nemo rerum ratione est. Facere odit ab ut aut incidunt. Officiis doloribus et amet incidunt voluptatum dolores laudantium.',48,1,0,'2021-01-12 18:50:07','2021-01-12 19:52:26'),(94,9,NULL,'amit','Quia saepe facilis libero. Nihil necessitatibus unde nemo voluptate ut similique. Voluptas quam rerum voluptatem et. Aspernatur et sunt quia quam commodi est.',NULL,1,0,'2021-01-12 18:50:07','2021-01-12 19:55:06'),(95,36,NULL,'kgvj','Dignissimos ut dicta omnis quia. Possimus dicta quasi est dicta est. Sunt rerum rerum omnis voluptas eligendi id nisi.',30,1,0,'2021-01-12 18:50:07','2021-01-12 19:52:26'),(96,56,NULL,'galc','Omnis excepturi et culpa sapiente consequuntur sequi voluptatem in. Facere consectetur quis facilis tenetur aspernatur. Est aliquid et aliquid eos. Voluptatem est culpa omnis labore officiis accusantium neque.',NULL,1,0,'2021-01-12 18:50:07','2021-01-12 19:55:06'),(97,1,NULL,'pyxj','Blanditiis consequatur odio accusamus porro sint dolorem. Non voluptatem impedit iste nihil veniam vitae. Voluptas fugit animi saepe ab quae aspernatur. Id alias ut eum sed occaecati quo.',70,1,0,'2006-01-20 22:56:06','2021-01-12 19:52:26'),(98,80,19,'zriy','Expedita neque officia atque debitis necessitatibus tempore. Ea hic eaque cumque nesciunt odio autem maiores. Beatae at ratione tempora consequatur. Est ut neque occaecati qui.',58,1,1,'2021-01-12 18:50:07','2021-01-12 18:50:07'),(99,46,22,'wimq','Libero quidem magni vel nobis eos rerum omnis eum. Recusandae voluptatibus et quibusdam sit et. Omnis dolore quidem ullam maiores possimus. Non et incidunt aperiam aut cum mollitia.',54,1,0,'2021-01-12 18:50:07','2021-01-12 18:50:07'),(100,94,NULL,'oauw','Esse consequuntur velit voluptate sequi consequatur unde et. Dolorem distinctio ut nulla cupiditate beatae odit neque. Quis molestiae assumenda exercitationem quisquam reprehenderit perspiciatis voluptas aut. Assumenda minima quia excepturi beatae. Autem sint doloremque voluptatibus.',NULL,1,0,'2021-01-12 18:50:07','2021-01-12 19:55:06');
/*!40000 ALTER TABLE `posts` ENABLE KEYS */;
UNLOCK TABLES;

--
-- Table structure for table `profiles`
--

DROP TABLE IF EXISTS `profiles`;
/*!40101 SET @saved_cs_client     = @@character_set_client */;
/*!50503 SET character_set_client = utf8mb4 */;
CREATE TABLE `profiles` (
  `user_id` int unsigned NOT NULL COMMENT 'Ссылка на пользователя',
  `gender` enum('M','F') COLLATE utf8_unicode_ci DEFAULT NULL,
  `birthday` date DEFAULT NULL COMMENT 'Дата рождения',
  `city` varchar(130) CHARACTER SET utf8 COLLATE utf8_unicode_ci DEFAULT NULL COMMENT 'Город проживания',
  `country` varchar(130) CHARACTER SET utf8 COLLATE utf8_unicode_ci DEFAULT NULL COMMENT 'Страна проживания',
  `created_at` datetime DEFAULT CURRENT_TIMESTAMP COMMENT 'Время создания строки',
  `updated_at` datetime DEFAULT CURRENT_TIMESTAMP ON UPDATE CURRENT_TIMESTAMP COMMENT 'Время обновления строки',
  PRIMARY KEY (`user_id`),
  CONSTRAINT `profiles_user_id_fk` FOREIGN KEY (`user_id`) REFERENCES `users` (`id`) ON DELETE CASCADE
) ENGINE=InnoDB DEFAULT CHARSET=utf8 COLLATE=utf8_unicode_ci COMMENT='Профили';
/*!40101 SET character_set_client = @saved_cs_client */;

--
-- Dumping data for table `profiles`
--

LOCK TABLES `profiles` WRITE;
/*!40000 ALTER TABLE `profiles` DISABLE KEYS */;
INSERT INTO `profiles` VALUES (1,'F','1992-06-02','Fabiolaton','Suriname','1998-08-29 05:35:05','2020-12-20 14:18:55'),(2,'F','2000-08-21','Herminiafort','Sudan','2017-01-17 05:26:57','2020-12-20 00:22:01'),(3,'F','1992-08-05','South Lacey','Greece','2020-12-20 00:32:41','2020-12-20 00:32:41'),(4,'F','2000-12-02','Hermannton','Cyprus','2020-12-20 00:32:41','2020-12-20 00:32:41'),(5,'M','1998-09-03','West Franco','Falkland Islands (Malvinas)','2009-04-27 09:34:45','2020-12-20 14:18:55'),(6,'F','1971-03-14','Kuhlmanfort','Western Sahara','1996-09-03 15:57:10','2020-12-20 00:22:01'),(7,'F','1988-04-17','Marquardtchester','Maldives','1991-01-17 03:37:20','2020-12-20 14:18:55'),(8,'M','2004-03-19','New Calliestad','Montenegro','2020-12-20 00:32:41','2020-12-20 13:49:43'),(9,'F','2000-04-02','Myriambury','Sudan','2007-04-05 13:55:37','2020-12-20 14:18:55'),(10,'F','1976-10-20','Port Alessandroberg','Brazil','2013-06-20 01:33:41','2019-08-08 00:35:25'),(11,'M','1992-05-29','Caroleville','Argentina','2020-12-20 00:32:41','2020-12-20 00:32:41'),(12,'F','2003-06-21','West Ayanachester','Tunisia','2020-12-20 00:32:41','2020-12-20 00:32:41'),(13,'M','1994-06-11','South Soledad','Russian Federation','2004-07-30 23:14:08','2020-12-20 14:18:55'),(14,'F','2003-06-01','East Jocelyn','Libyan Arab Jamahiriya','2012-11-27 14:23:55','2020-12-20 14:18:55'),(15,'F','1970-05-31','East Ryannmouth','Mexico','1984-07-23 08:38:34','1987-09-10 21:26:53'),(16,'F','1976-09-04','North Felipafort','Chad','1982-11-27 04:43:27','2020-12-20 14:18:55'),(17,'F','1995-05-26','South Esthertown','Nepal','2020-12-20 00:32:41','2020-12-20 00:32:41'),(18,'F','1975-03-23','Melissaborough','Kiribati','2000-04-29 05:53:15','2020-12-20 00:22:01'),(19,'F','2004-07-31','Port Carlos','Montserrat','2020-12-20 00:32:41','2020-12-20 13:49:42'),(20,'M','1989-08-12','Franeckiland','Tajikistan','2017-11-26 13:20:44','2020-12-20 00:22:01'),(21,'F','1994-11-21','Denesikhaven','Lebanon','2020-12-20 00:32:41','2020-12-20 00:32:41'),(22,'M','2004-10-18','Conroyside','Mauritania','2020-12-20 00:32:41','2020-12-20 00:32:41'),(23,'M','1997-03-11','Beerborough','Czech Republic','2020-12-20 00:32:41','2020-12-20 00:32:41'),(24,'F','1975-04-10','Port Olenside','Bosnia and Herzegovina','2002-06-27 21:49:22','2020-12-20 00:22:01'),(25,'F','1974-05-04','Metzberg','Somalia','1982-11-08 13:13:11','2020-12-20 14:18:55'),(26,'M','1983-02-04','Yostmouth','Guinea','1999-08-27 22:58:28','2020-12-20 14:18:55'),(27,'M','2004-04-01','Cruickshanktown','Croatia','2020-12-20 00:32:41','2020-12-20 13:49:40'),(28,'F','2002-07-14','Bergstromfort','Luxembourg','2019-05-28 18:17:28','2020-12-20 13:49:58'),(29,'M','2002-03-04','West Karenton','Vietnam','2020-12-20 00:32:41','2020-12-20 00:32:41'),(30,'M','1992-03-09','North Laurymouth','Niue','2020-12-20 00:32:41','2020-12-20 00:32:41'),(31,'F','1970-01-13','Trantowberg','Sao Tome and Principe','2014-03-22 23:03:33','2020-12-20 00:22:01'),(32,'M','2004-09-24','Coleside','Paraguay','2020-12-20 00:32:41','2020-12-20 13:49:53'),(33,'F','1987-04-27','Millerhaven','Belarus','2006-01-02 15:26:56','2020-12-20 00:22:01'),(34,'M','1971-08-27','North Kristyton','Syrian Arab Republic','1973-10-22 04:05:33','2020-12-20 14:18:55'),(35,'F','1996-07-22','Ondrickabury','Haiti','2010-10-18 01:57:38','2020-12-20 00:22:01'),(36,'F','2002-12-13','Kundestad','Northern Mariana Islands','2020-12-20 00:32:41','2020-12-20 13:49:53'),(37,'F','2004-04-11','Skilesmouth','Martinique','2020-12-20 00:32:41','2020-12-20 13:49:42'),(38,'F','1985-09-29','Port Hettie','Cote d\'Ivoire','2013-03-07 21:04:34','2020-12-20 00:22:01'),(39,'F','2001-02-10','North Sylvia','Burundi','2020-12-20 00:32:41','2020-12-20 13:49:58'),(40,'M','2002-08-02','Harveyview','Pitcairn Islands','2015-07-27 07:56:54','2020-12-20 00:22:01'),(41,'F','2004-09-21','North Orville','Moldova','2015-06-20 15:21:07','2020-12-20 14:18:55'),(42,'M','1974-01-17','Sammyburgh','Equatorial Guinea','1988-10-11 09:47:36','2000-10-23 01:40:58'),(43,'M','1980-02-25','Watersport','Cambodia','2008-04-02 02:55:06','2011-06-29 12:06:12'),(44,'M','1970-07-24','East Bethhaven','Maldives','2004-03-29 01:29:13','2009-07-09 10:35:11'),(45,'F','2004-08-03','New Carmen','Latvia','2018-05-20 05:42:52','2020-12-20 14:18:55'),(46,'M','1992-11-22','West Daijahaven','Singapore','2020-12-20 00:32:41','2020-12-20 00:32:41'),(47,'M','1970-11-10','Port Alysa','Turkmenistan','1985-02-20 18:22:17','2020-12-20 14:18:55'),(48,'M','2004-02-27','Marquisland','Honduras','2020-12-20 00:32:41','2020-12-20 13:49:42'),(49,'F','1982-10-31','East Gregorioburgh','Syrian Arab Republic','1988-03-07 06:20:03','2020-12-20 14:18:55'),(50,'F','2004-01-28','Padbergmouth','Guinea-Bissau','2020-12-20 00:32:41','2020-12-20 13:49:43'),(51,'M','2004-01-22','Jacobibury','Czech Republic','2020-12-20 00:32:41','2020-12-20 13:49:42'),(52,'M','1980-01-24','West Duncan','Papua New Guinea','1999-03-24 22:20:24','2010-07-28 02:32:56'),(53,'F','2001-04-10','North Kiarra','Oman','2009-05-27 07:21:55','2020-12-20 14:18:55'),(54,'M','1983-05-21','Juliahaven','South Georgia and the South Sandwich Islands','1988-05-10 10:41:42','2020-12-20 14:18:55'),(55,'F','1972-04-25','Farrellfurt','Swaziland','2013-12-20 11:36:49','2020-12-20 00:22:01'),(56,'M','2002-07-19','Johnstonstad','Denmark','2020-12-20 00:32:41','2020-12-20 00:32:41'),(57,'M','1982-11-18','Annamaeborough','Tokelau','1992-12-10 04:58:48','2020-12-20 14:18:55'),(58,'F','1983-10-01','Hardyton','Mayotte','1996-12-07 08:11:36','1997-08-20 02:03:58'),(59,'M','2002-11-22','East Macieton','Algeria','2020-12-20 00:32:41','2020-12-20 00:32:41'),(60,'F','1980-09-19','Port Jadeville','Mexico','2020-12-20 00:32:41','2020-12-20 00:32:41'),(61,'M','2003-05-11','New Vernview','Lao People\'s Democratic Republic','2020-12-20 00:32:41','2020-12-20 13:49:58'),(62,'F','1998-07-31','South Lilyanbury','Samoa','2020-12-20 00:32:41','2020-12-20 00:32:41'),(63,'F','1996-05-14','Bednartown','China','2020-12-20 00:32:41','2020-12-20 00:32:41'),(64,'M','1989-10-13','West Eileen','Micronesia','2004-10-16 15:12:55','2020-12-20 14:18:55'),(65,'M','2003-10-16','O\'Keefeport','Isle of Man','2020-12-20 00:32:41','2020-12-20 13:49:58'),(66,'F','1976-03-01','Billmouth','Hong Kong','1985-02-22 07:46:06','2020-12-20 14:18:55'),(67,'F','1997-03-21','Langworthberg','Andorra','2020-12-20 00:32:41','2020-12-20 00:32:41'),(68,'M','1973-06-22','North Karenmouth','United States Virgin Islands','1988-09-25 17:10:50','2020-12-20 14:18:55'),(69,'F','2004-01-19','West Lillie','Cote d\'Ivoire','2020-12-20 00:32:41','2020-12-20 13:49:31'),(70,'M','2002-03-11','Carolhaven','Greece','2020-12-20 00:32:41','2020-12-20 13:49:58'),(71,'M','2004-03-12','Lebsackbury','Faroe Islands','2017-05-25 21:09:39','2020-12-20 13:49:41'),(72,'F','2000-03-14','Lake Austen','Papua New Guinea','2004-01-23 16:33:00','2020-12-20 14:18:55'),(73,'F','2004-02-07','Osborneside','Dominica','2020-12-20 00:32:41','2020-12-20 13:49:42'),(74,'F','1970-10-19','New Kenyatta','Guinea-Bissau','1996-07-07 18:19:08','2000-04-04 10:53:49'),(75,'F','1978-06-15','Hilllville','Iceland','2008-08-16 21:57:44','2020-12-20 00:22:01'),(76,'M','1984-02-11','Braunborough','Argentina','2003-09-01 15:01:59','2020-12-20 00:22:01'),(77,'F','1995-03-29','North Velma','Wallis and Futuna','2017-01-04 12:06:29','2020-12-20 00:22:01'),(78,'M','1992-10-07','East Maryjane','Monaco','2020-12-20 00:32:41','2020-12-20 00:32:41'),(79,'M','1998-05-12','South Damien','Nigeria','2020-12-20 00:32:41','2020-12-20 00:32:41'),(80,'M','2003-05-17','Kassulkestad','Slovakia (Slovak Republic)','2019-10-02 10:24:58','2020-12-20 13:49:53'),(81,'F','1990-08-21','West Arnoldo','Poland','1996-04-20 06:44:48','2020-12-20 14:18:55'),(82,'M','1989-09-04','New Casper','Jordan','2020-12-20 00:32:41','2020-12-20 00:32:41'),(83,'F','1984-12-20','Donavonfort','Montserrat','2002-02-13 04:09:45','2020-12-20 00:22:01'),(84,'M','2004-06-29','Browntown','Ecuador','2020-12-20 00:32:41','2020-12-20 13:49:43'),(85,'F','1999-06-10','Port Emmetttown','United Arab Emirates','2020-12-20 00:32:41','2020-12-20 00:32:41'),(86,'M','2002-02-27','Chadton','Romania','2020-12-20 00:32:41','2020-12-20 13:49:58'),(87,'F','1995-02-22','Goyettefurt','Marshall Islands','2020-12-20 00:32:41','2020-12-20 00:32:41'),(88,'M','2001-06-16','Dayanafort','Niue','2020-05-15 12:43:00','2020-12-20 13:49:58'),(89,'M','1986-05-08','Corwinfurt','Lebanon','2020-12-20 00:32:41','2020-12-20 00:32:41'),(90,'M','2004-11-21','Port Isadore','Falkland Islands (Malvinas)','2020-12-20 00:32:41','2020-12-20 13:49:42'),(91,'M','2004-02-20','Abshireport','Mongolia','2020-12-20 00:32:41','2020-12-20 13:49:42'),(92,'M','1990-01-09','New Tracey','Indonesia','2020-12-20 00:32:41','2020-12-20 00:32:41'),(93,'F','1992-07-06','Medhurstville','Syrian Arab Republic','1999-10-06 12:48:35','2020-12-20 14:18:55'),(94,'F','2001-09-03','Luisafort','Indonesia','2020-12-20 00:32:41','2020-12-20 13:49:58'),(95,'M','1984-12-23','Dulceville','Slovakia (Slovak Republic)','2000-04-30 18:28:45','2020-12-20 00:22:01'),(96,'F','1971-06-22','Ottoburgh','Barbados','2015-05-07 14:28:37','2020-12-20 00:22:01'),(97,'M','2004-10-21','Earlenefort','Korea','2020-12-20 00:32:41','2020-12-20 13:49:43'),(98,'M','2004-03-06','North Elmer','Saint Pierre and Miquelon','2020-12-20 00:32:41','2020-12-20 13:49:40'),(99,'F','1972-03-26','Hesselbury','Sri Lanka','1994-05-30 11:58:18','2002-08-13 05:58:39'),(100,'F','2004-12-28','Parkerton','Indonesia','2020-12-20 00:32:41','2020-12-20 13:49:42');
/*!40000 ALTER TABLE `profiles` ENABLE KEYS */;
UNLOCK TABLES;

--
-- Table structure for table `target_types`
--

DROP TABLE IF EXISTS `target_types`;
/*!40101 SET @saved_cs_client     = @@character_set_client */;
/*!50503 SET character_set_client = utf8mb4 */;
CREATE TABLE `target_types` (
  `id` int unsigned NOT NULL AUTO_INCREMENT,
  `name` varchar(255) NOT NULL,
  `created_at` datetime DEFAULT CURRENT_TIMESTAMP,
  PRIMARY KEY (`id`),
  UNIQUE KEY `name` (`name`)
) ENGINE=InnoDB AUTO_INCREMENT=5 DEFAULT CHARSET=utf8mb4 COLLATE=utf8mb4_0900_ai_ci;
/*!40101 SET character_set_client = @saved_cs_client */;

--
-- Dumping data for table `target_types`
--

LOCK TABLES `target_types` WRITE;
/*!40000 ALTER TABLE `target_types` DISABLE KEYS */;
INSERT INTO `target_types` VALUES (1,'messages','2021-01-12 16:58:43'),(2,'users','2021-01-12 16:58:43'),(3,'media','2021-01-12 16:58:43'),(4,'posts','2021-01-12 16:58:43');
/*!40000 ALTER TABLE `target_types` ENABLE KEYS */;
UNLOCK TABLES;

--
-- Table structure for table `users`
--

DROP TABLE IF EXISTS `users`;
/*!40101 SET @saved_cs_client     = @@character_set_client */;
/*!50503 SET character_set_client = utf8mb4 */;
CREATE TABLE `users` (
  `id` int unsigned NOT NULL AUTO_INCREMENT COMMENT 'Идентификатор строки',
  `first_name` varchar(100) CHARACTER SET utf8 COLLATE utf8_unicode_ci NOT NULL COMMENT 'Имя пользователя',
  `last_name` varchar(100) CHARACTER SET utf8 COLLATE utf8_unicode_ci NOT NULL COMMENT 'Фамилия пользователя',
  `email` varchar(100) CHARACTER SET utf8 COLLATE utf8_unicode_ci NOT NULL COMMENT 'Почта',
  `phone` varchar(100) CHARACTER SET utf8 COLLATE utf8_unicode_ci NOT NULL COMMENT 'Телефон',
  `created_at` datetime DEFAULT CURRENT_TIMESTAMP COMMENT 'Время создания строки',
  `updated_at` datetime DEFAULT CURRENT_TIMESTAMP ON UPDATE CURRENT_TIMESTAMP COMMENT 'Время обновления строки',
  PRIMARY KEY (`id`),
  UNIQUE KEY `email` (`email`),
  UNIQUE KEY `phone` (`phone`)
) ENGINE=InnoDB AUTO_INCREMENT=101 DEFAULT CHARSET=utf8 COLLATE=utf8_unicode_ci COMMENT='Пользователи';
/*!40101 SET character_set_client = @saved_cs_client */;

--
-- Dumping data for table `users`
--

LOCK TABLES `users` WRITE;
/*!40000 ALTER TABLE `users` DISABLE KEYS */;
INSERT INTO `users` VALUES (1,'Cooper','Armstrong','koch.eileen@example.com','213.059.6843','1998-08-29 05:35:05','2020-12-20 14:30:42'),(2,'D\'angelo','Abshire','gkshlerin@example.net','(829)978-2559','2017-01-17 05:26:57','2020-12-20 14:30:42'),(3,'Carolyn','Emmerich','jevon13@example.net','1-961-433-3374','2020-12-20 00:32:41','2020-12-20 14:30:42'),(4,'Ariane','Cassin','hane.mohammad@example.com','203.753.3208x274','2020-12-20 00:32:41','2020-12-20 14:30:42'),(5,'Jairo','Schmeler','rickie42@example.net','1-506-184-3630x8299','2009-04-27 09:34:45','2020-12-20 14:30:42'),(6,'Blanche','Windler','aledner@example.com','(938)742-5546','1996-09-03 15:57:10','2020-12-20 14:30:42'),(7,'Ashlee','Borer','witting.weston@example.org','08188009978','1991-01-17 03:37:20','2020-12-20 14:30:42'),(8,'Jaida','Rodriguez','vjohns@example.net','+19(6)4741007369','2020-12-20 00:32:41','2020-12-20 14:30:42'),(9,'Rene','Anderson','odickens@example.net','1-438-911-7668','2007-04-05 13:55:37','2020-12-20 14:30:42'),(10,'Katlyn','Witting','vupton@example.com','967-322-8145x5759','2013-06-20 01:33:41','2020-12-20 14:30:42'),(11,'Howell','Johnston','morton98@example.com','(761)674-3687x0469','2020-12-20 00:32:41','2020-12-20 14:30:42'),(12,'Pattie','Heathcote','uriah.schoen@example.net','(971)841-0461','2020-12-20 00:32:41','2020-12-20 14:30:42'),(13,'Stacy','Quitzon','vivien.ferry@example.com','055.236.1424','2004-07-30 23:14:08','2020-12-20 14:30:42'),(14,'Dustin','Reinger','ethyl.hartmann@example.net','678-014-4763x3519','2012-11-27 14:23:55','2020-12-20 14:30:42'),(15,'Justice','Powlowski','dibbert.jackie@example.net','05796413236','1984-07-23 08:38:34','2020-12-20 14:30:42'),(16,'Mohammed','Jaskolski','celestino21@example.org','03364912223','1982-11-27 04:43:27','2020-12-20 14:30:42'),(17,'Concepcion','Wintheiser','eblick@example.net','1-936-415-8378','2020-12-20 00:32:41','2020-12-20 14:30:42'),(18,'Shaniya','Renner','lullrich@example.org','(240)808-5220','2000-04-29 05:53:15','2020-12-20 14:30:42'),(19,'Marie','Turner','hsenger@example.net','908-829-9604','2020-12-20 00:32:41','2020-12-20 14:30:42'),(20,'Alford','Nitzsche','kathleen.nienow@example.com','976.302.3176','2017-11-26 13:20:44','2020-12-20 14:30:42'),(21,'Eleanora','Rowe','lonnie.thiel@example.net','1-665-603-1188x38307','2020-12-20 00:32:41','2020-12-20 14:30:42'),(22,'Eliezer','Stoltenberg','wyman.ludwig@example.net','231-127-7821','2020-12-20 00:32:41','2020-12-20 14:30:42'),(23,'Greta','Romaguera','phowell@example.org','362.123.0394x045','2020-12-20 00:32:41','2020-12-20 14:30:42'),(24,'Ansley','Aufderhar','mylene.williamson@example.com','803-610-3399x044','2002-06-27 21:49:22','2020-12-20 14:30:42'),(25,'Ethel','Stamm','aniya.paucek@example.com','03648187561','1982-11-08 13:13:11','2020-12-20 14:30:42'),(26,'Mireya','Moore','kenny22@example.com','(423)462-0429x5685','1999-08-27 22:58:28','2020-12-20 14:30:42'),(27,'Eric','Metz','jazmyn00@example.org','485-485-1956','2020-12-20 00:32:41','2020-12-20 14:30:42'),(28,'Ernestine','Mosciski','kelli.rogahn@example.com','1-158-022-4497','2019-05-28 18:17:28','2020-12-20 14:30:42'),(29,'Mylene','Bergnaum','crooks.eunice@example.net','(647)490-5276x6508','2020-12-20 00:32:41','2020-12-20 14:30:42'),(30,'Ubaldo','Mayert','william16@example.net','681.759.4043','2020-12-20 00:32:41','2020-12-20 14:30:42'),(31,'Davin','Romaguera','howe.elinor@example.com','722-466-8727x9975','2014-03-22 23:03:33','2020-12-20 14:30:42'),(32,'Felix','McGlynn','d\'amore.susana@example.org','097.144.5978','2020-12-20 00:32:41','2020-12-20 14:30:42'),(33,'Kay','Beahan','windler.maeve@example.net','1-343-174-0388','2006-01-02 15:26:56','2020-12-20 14:30:42'),(34,'Adrianna','Hettinger','deckow.beatrice@example.com','559.572.5494x87627','1973-10-22 04:05:33','2020-12-20 14:30:42'),(35,'Tevin','O\'Reilly','amely34@example.net','1-135-863-7291','2010-10-18 01:57:38','2020-12-20 14:30:42'),(36,'Jacinto','Grimes','keshawn.rolfson@example.net','1-531-289-8003x35712','2020-12-20 00:32:41','2020-12-20 14:30:42'),(37,'Amir','Beatty','alec98@example.com','1-063-830-4775x207','2020-12-20 00:32:41','2020-12-20 14:30:42'),(38,'Layne','Monahan','heller.elvera@example.org','974.108.3059','2013-03-07 21:04:34','2020-12-20 14:30:42'),(39,'Travis','Kozey','danika.ernser@example.com','173-996-0973','2020-12-20 00:32:41','2020-12-20 14:30:42'),(40,'Reba','McClure','nelda60@example.net','(321)363-3828x4475','2015-07-27 07:56:54','2020-12-20 14:30:42'),(41,'Shyann','McLaughlin','earnest35@example.net','1-994-926-7585x82773','2015-06-20 15:21:07','2020-12-20 14:30:42'),(42,'Claudie','Hirthe','roselyn20@example.org','1-148-419-2462x67908','1988-10-11 09:47:36','2020-12-20 14:30:42'),(43,'Ines','Feeney','becker.angela@example.net','1-680-595-6114','2008-04-02 02:55:06','2020-12-20 14:30:42'),(44,'Ashlee','Funk','christop17@example.net','+73(7)9537776417','2004-03-29 01:29:13','2020-12-20 14:30:42'),(45,'Otho','Watsica','ransom.flatley@example.org','370.858.9106','2018-05-20 05:42:52','2020-12-20 14:30:42'),(46,'Nella','Johns','orrin.denesik@example.com','643-565-1596x519','2020-12-20 00:32:41','2020-12-20 14:30:42'),(47,'Eden','Bergstrom','ellsworth.kshlerin@example.org','558.179.2300x172','1985-02-20 18:22:17','2020-12-20 14:30:42'),(48,'Leann','Stokes','virginie80@example.com','00973043616','2020-12-20 00:32:41','2020-12-20 14:30:42'),(49,'Carlos','Klein','kris.pinkie@example.net','+35(5)3393862359','1988-03-07 06:20:03','2020-12-20 14:30:42'),(50,'Carolanne','Torp','trosenbaum@example.org','(977)870-6377','2020-12-20 00:32:41','2020-12-20 14:30:42'),(51,'Markus','Bergstrom','tdenesik@example.net','200-777-4682','2020-12-20 00:32:41','2020-12-20 14:30:42'),(52,'Shawna','McDermott','fadel.kim@example.net','997.855.0855','1999-03-24 22:20:24','2020-12-20 14:30:42'),(53,'Nicolas','Waelchi','jennie.botsford@example.org','(132)550-9062','2009-05-27 07:21:55','2020-12-20 14:30:42'),(54,'Marion','Schroeder','emilia.wuckert@example.org','999.695.2787','1988-05-10 10:41:42','2020-12-20 14:30:42'),(55,'Madelyn','Torphy','dherman@example.com','657-400-4856','2013-12-20 11:36:49','2020-12-20 14:30:42'),(56,'Elaina','Hirthe','qcarter@example.org','273.667.1003','2020-12-20 00:32:41','2020-12-20 14:30:42'),(57,'Jasper','Wunsch','gleichner.perry@example.org','+23(7)7976115596','1992-12-10 04:58:48','2020-12-20 14:30:42'),(58,'Filomena','Hermiston','scotty17@example.com','(900)644-4969x2515','1996-12-07 08:11:36','2020-12-20 14:30:42'),(59,'Bernita','Shields','bashirian.cicero@example.net','217.233.1570','2020-12-20 00:32:41','2020-12-20 14:30:42'),(60,'Kirsten','Howe','lucie.johnston@example.net','(622)521-1046','2020-12-20 00:32:41','2020-12-20 14:30:42'),(61,'Carmine','Stokes','raymond11@example.org','+59(1)0286186730','2020-12-20 00:32:41','2020-12-20 14:30:42'),(62,'Geovanni','Walter','amari44@example.com','(287)746-4402','2020-12-20 00:32:41','2020-12-20 14:30:42'),(63,'Blanche','Runolfsdottir','arch55@example.com','1-059-491-2240','2020-12-20 00:32:41','2020-12-20 14:30:42'),(64,'Hollis','Feest','shanahan.emily@example.net','(849)596-8308','2004-10-16 15:12:55','2020-12-20 14:30:42'),(65,'Myra','Schuppe','vruecker@example.org','1-954-854-7923','2020-12-20 00:32:41','2020-12-20 14:30:42'),(66,'Laron','Von','rosalind.blanda@example.com','873.888.8787x038','1985-02-22 07:46:06','2020-12-20 14:30:42'),(67,'Pierre','Anderson','sipes.alexie@example.com','(201)014-3269x567','2020-12-20 00:32:41','2020-12-20 14:30:42'),(68,'Delphia','Graham','nbeahan@example.com','1-909-674-4883x1090','1988-09-25 17:10:50','2020-12-20 14:30:42'),(69,'Elmo','Monahan','aditya20@example.org','729.755.0664x68080','2020-12-20 00:32:41','2020-12-20 14:30:42'),(70,'Travon','Kessler','paige.robel@example.com','08394161892','2020-12-20 00:32:41','2020-12-20 14:30:42'),(71,'Maverick','Waelchi','icronin@example.org','389.249.2567x36948','2017-05-25 21:09:39','2020-12-20 14:30:42'),(72,'Jeanie','Hamill','zulauf.chris@example.com','1-989-090-8915','2004-01-23 16:33:00','2020-12-20 14:30:42'),(73,'Mafalda','Kertzmann','kris.hayden@example.net','(295)628-0810','2020-12-20 00:32:41','2020-12-20 14:30:42'),(74,'Elliot','Parisian','baby.bechtelar@example.net','009.665.6247','1996-07-07 18:19:08','2020-12-20 14:30:42'),(75,'Cathrine','Haag','hartmann.leopold@example.org','02251515134','2008-08-16 21:57:44','2020-12-20 14:30:42'),(76,'Amya','Romaguera','rolando55@example.com','070.648.9419','2003-09-01 15:01:59','2020-12-20 14:30:42'),(77,'Lourdes','Abshire','sammy15@example.net','+01(4)1434998013','2017-01-04 12:06:29','2020-12-20 14:30:42'),(78,'Ariane','Gorczany','roy.aufderhar@example.org','122.059.5360x841','2020-12-20 00:32:41','2020-12-20 14:30:42'),(79,'Mossie','Oberbrunner','dhills@example.com','+52(7)4584112181','2020-12-20 00:32:41','2020-12-20 14:30:42'),(80,'Trudie','Mayer','kovacek.ursula@example.com','09498575778','2019-10-02 10:24:58','2020-12-20 14:30:42'),(81,'Leta','O\'Keefe','josephine42@example.com','472.137.1781x83426','1996-04-20 06:44:48','2020-12-20 14:30:42'),(82,'Shea','Gislason','tanya90@example.com','(281)348-9787','2020-12-20 00:32:41','2020-12-20 14:30:42'),(83,'Dorian','White','schoen.fiona@example.com','1-372-119-8986','2002-02-13 04:09:45','2020-12-20 14:30:42'),(84,'D\'angelo','Hansen','lillie.rohan@example.net','686.167.6171x976','2020-12-20 00:32:41','2020-12-20 14:30:42'),(85,'Nikko','Baumbach','colby64@example.org','(520)640-3863x41791','2020-12-20 00:32:41','2020-12-20 14:30:42'),(86,'Vella','Gusikowski','benny.jacobson@example.net','1-224-313-8507','2020-12-20 00:32:41','2020-12-20 14:30:42'),(87,'Garett','McCullough','joesph79@example.org','113-418-4862x862','2020-12-20 00:32:41','2020-12-20 14:30:42'),(88,'Leonor','Dickens','wilson.kuhlman@example.net','909.844.7558x251','2020-05-15 12:43:00','2020-12-20 14:30:42'),(89,'Aliya','Labadie','joe.pfannerstill@example.net','1-790-571-8409x994','2020-12-20 00:32:41','2020-12-20 14:30:42'),(90,'Fausto','Pacocha','umorar@example.org','593-110-6260x90225','2020-12-20 00:32:41','2020-12-20 14:30:42'),(91,'Mertie','Kerluke','stephany51@example.com','00151085146','2020-12-20 00:32:41','2020-12-20 14:30:42'),(92,'Lonie','Nader','demetrius50@example.com','1-368-738-6489','2020-12-20 00:32:41','2020-12-20 14:30:42'),(93,'Hildegard','Vandervort','gilberto.abernathy@example.com','727.157.1690','1999-10-06 12:48:35','2020-12-20 14:30:42'),(94,'Dalton','Hermann','brakus.lila@example.net','123-837-0310x252','2020-12-20 00:32:41','2020-12-20 14:30:42'),(95,'Godfrey','Cummings','qkuhn@example.com','643.151.9348x003','2000-04-30 18:28:45','2020-12-20 14:30:42'),(96,'Belle','Morar','ernesto.veum@example.net','176-787-6948','2015-05-07 14:28:37','2020-12-20 14:30:42'),(97,'Hans','Oberbrunner','joan.becker@example.com','419.818.5556x345','2020-12-20 00:32:41','2020-12-20 14:30:42'),(98,'Bobbie','Kirlin','olockman@example.com','1-292-070-2356','2020-12-20 00:32:41','2020-12-20 14:30:42'),(99,'Jadon','Harber','dwight.breitenberg@example.net','1-066-238-7309x594','1994-05-30 11:58:18','2020-12-20 14:30:42'),(100,'Antonette','Krajcik','lulu51@example.com','1-530-943-4140x4116','2020-12-20 00:32:41','2020-12-20 14:30:42');
/*!40000 ALTER TABLE `users` ENABLE KEYS */;
UNLOCK TABLES;

--
-- Dumping routines for database 'vk'
--
/*!40103 SET TIME_ZONE=@OLD_TIME_ZONE */;

/*!40101 SET SQL_MODE=@OLD_SQL_MODE */;
/*!40014 SET FOREIGN_KEY_CHECKS=@OLD_FOREIGN_KEY_CHECKS */;
/*!40014 SET UNIQUE_CHECKS=@OLD_UNIQUE_CHECKS */;
/*!40101 SET CHARACTER_SET_CLIENT=@OLD_CHARACTER_SET_CLIENT */;
/*!40101 SET CHARACTER_SET_RESULTS=@OLD_CHARACTER_SET_RESULTS */;
/*!40101 SET COLLATION_CONNECTION=@OLD_COLLATION_CONNECTION */;
/*!40111 SET SQL_NOTES=@OLD_SQL_NOTES */;

-- Dump completed on 2021-01-13  1:46:40
